"Ring","northing","easting","filename","threshold","gapfraction","Date","treatment"
"R1",12,0,"DSC_0473.JPG",0.421288514729565,0.417334558823529,2012-10-20,"elevated"
"R1",8,-8,"DSC_0474.JPG",0.421058748646406,0.530033088235294,2012-10-20,"elevated"
"R1",8,-4,"DSC_0475.JPG",0.379237476871257,0.492431985294118,2012-10-20,"elevated"
"R1",8,0,"DSC_0476.JPG",0.392757988373288,0.483606617647059,2012-10-20,"elevated"
"R1",8,4,"DSC_0477.JPG",0.393986610000958,0.566987132352941,2012-10-20,"elevated"
"R1",8,8,"DSC_0478.JPG",0.356940377713934,0.580578125,2012-10-20,"elevated"
"R1",4,-8,"DSC_0479.JPG",0.38095693547059,0.620275735294118,2012-10-20,"elevated"
"R1",4,-4,"DSC_0480.JPG",0.401410835820037,0.596132352941177,2012-10-20,"elevated"
"R1",4,0,"DSC_0481.JPG",0.362331518329606,0.661104779411765,2012-10-20,"elevated"
"R1",4,4,"DSC_0482.JPG",0.398288772149076,0.718905330882353,2012-10-20,"elevated"
"R1",4,8,"DSC_0483.JPG",0.408196660445898,0.528032169117647,2012-10-20,"elevated"
"R1",0,-12,"DSC_0484.JPG",0.420772031498801,0.554785845588235,2012-10-20,"elevated"
"R1",0,-8,"DSC_0485.JPG",0.440924029908259,0.567126838235294,2012-10-20,"elevated"
"R1",0,-4,"DSC_0486.JPG",0.451146932571981,0.607979779411765,2012-10-20,"elevated"
"R1",0,4,"DSC_0487.JPG",0.398666021061724,0.57709375,2012-10-20,"elevated"
"R1",0,8,"DSC_0488.JPG",0.365877935103499,0.638105698529412,2012-10-20,"elevated"
"R1",0,12,"DSC_0489.JPG",0.43599241671177,0.496579963235294,2012-10-20,"elevated"
"R1",-4,-8,"DSC_0490.JPG",0.386561260304833,0.585995404411765,2012-10-20,"elevated"
"R1",-4,-4,"DSC_0491.JPG",0.384942657881617,0.563299632352941,2012-10-20,"elevated"
"R1",-4,0,"DSC_0492.JPG",0.405171359196134,0.599282169117647,2012-10-20,"elevated"
"R1",-4,4,"DSC_0493.JPG",0.432714439070894,0.747124080882353,2012-10-20,"elevated"
"R1",-4,8,"DSC_0494.JPG",0.373142010805769,0.663596507352941,2012-10-20,"elevated"
"R1",-8,-8,"DSC_0495.JPG",0.416261245096703,0.460941176470588,2012-10-20,"elevated"
"R1",-8,-4,"DSC_0496.JPG",0.43291161436645,0.706651654411765,2012-10-20,"elevated"
"R1",-8,0,"DSC_0497.JPG",0.343387593835992,0.77425,2012-10-20,"elevated"
"R1",-8,4,"DSC_0498.JPG",0.333722814736644,0.636544117647059,2012-10-20,"elevated"
"R1",-8,8,"DSC_0499.JPG",0.408353134816522,0.597826286764706,2012-10-20,"elevated"
"R1",-12,0,"DSC_0500.JPG",0.406394426272781,0.689727022058824,2012-10-20,"elevated"
"R1",-4,0,"DSC_0376.JPG",0.433603352252918,0.470818014705882,2013-02-21,"elevated"
"R1",-4,-4,"DSC_0377.JPG",0.451606582129403,0.489671875,2013-02-21,"elevated"
"R1",-4,-8,"DSC_0378.JPG",0.412302357151157,0.489669117647059,2013-02-21,"elevated"
"R1",-8,-4,"DSC_0379.JPG",0.386561942013715,0.684624080882353,2013-02-21,"elevated"
"R1",-8,0,"DSC_0380.JPG",0.370945820165401,0.714032169117647,2013-02-21,"elevated"
"R1",-8,4,"DSC_0381.JPG",0.390105426338722,0.605051470588235,2013-02-21,"elevated"
"R1",-4,-8,"DSC_0168.JPG",0.432312933733545,0.534901654411765,2013-06-27,"elevated"
"R1",-8,-4,"DSC_0169.JPG",0.420903303519878,0.611311580882353,2013-06-27,"elevated"
"R1",-8,0,"DSC_0170.JPG",0.380695203452022,0.69146875,2013-06-27,"elevated"
"R1",-8,4,"DSC_0171.JPG",0.406325780881009,0.681799632352941,2013-06-27,"elevated"
"R1",-4,-8,"DSC_0363.JPG",0.397770001090149,0.545397977941177,2013-08-08,"elevated"
"R1",-8,-4,"DSC_0364.JPG",0.410576697174168,0.694809742647059,2013-08-08,"elevated"
"R1",-8,0,"DSC_0365.JPG",0.372656579404009,0.706773897058824,2013-08-08,"elevated"
"R1",-8,4,"DSC_0366.JPG",0.40204977358793,0.588202205882353,2013-08-08,"elevated"
"R1",-8,-4,"DSC_0543.JPG",0.445123751205058,0.713821691176471,2013-10-22,"elevated"
"R1",-8,0,"DSC_0544.JPG",0.396834465230227,0.742193933823529,2013-10-22,"elevated"
"R1",-8,4,"DSC_0545.JPG",0.419768153416231,0.708868566176471,2013-10-22,"elevated"
"R1",4,4,"DSC_0366.JPG",0.401943397811248,0.642708639705882,2013-02-21,"elevated"
"R1",4,0,"DSC_0367.JPG",0.40089603679789,0.510826286764706,2013-02-21,"elevated"
"R1",4,-4,"DSC_0368.JPG",0.393396009470719,0.4405625,2013-02-21,"elevated"
"R1",4,-8,"DSC_0369.JPG",0.425958526595607,0.497412683823529,2013-02-21,"elevated"
"R1",0,-8,"DSC_0370.JPG",0.434040596377895,0.444329963235294,2013-02-21,"elevated"
"R1",10.5,0,"DSC_0441.JPG",0.449042617169329,0.373046875,2012-11-20,"elevated"
"R1",8,-4,"DSC_0442.JPG",0.392364014917825,0.497970588235294,2012-11-20,"elevated"
"R1",8,0,"DSC_0443.JPG",0.428623937326591,0.434165441176471,2012-11-20,"elevated"
"R1",10.5,0,"DSC_0361.JPG",0.460811672967128,0.303705882352941,2013-02-21,"elevated"
"R1",8,-4,"DSC_0362.JPG",0.42556325826074,0.443501838235294,2013-02-21,"elevated"
"R1",8,0,"DSC_0363.JPG",0.431797840131736,0.391537683823529,2013-02-21,"elevated"
"R1",8,4,"DSC_0364.JPG",0.437281915424613,0.389494485294118,2013-02-21,"elevated"
"R1",4,8,"DSC_0365.JPG",0.401963262055156,0.360862132352941,2013-02-21,"elevated"
"R1",-8,4,"DSC_0461.JPG",0.434084751774994,0.723940257352941,2012-11-20,"elevated"
"R1",-4,4,"DSC_0542.JPG",0.388437097387587,0.624352022058824,2013-03-22,"elevated"
"R1",-4,0,"DSC_0543.JPG",0.418035652369099,0.470234375,2013-03-22,"elevated"
"R1",-4,-4,"DSC_0544.JPG",0.404560746544763,0.462113970588235,2013-03-22,"elevated"
"R1",-4,-8,"DSC_0545.JPG",0.388575033490566,0.442522977941176,2013-03-22,"elevated"
"R1",0,-4,"DSC_0371.JPG",0.362591098459955,0.517659926470588,2013-02-21,"elevated"
"R1",0,4,"DSC_0372.JPG",0.370232130176106,0.561217830882353,2013-02-21,"elevated"
"R1",0,8,"DSC_0373.JPG",0.418298800279949,0.572959558823529,2013-02-21,"elevated"
"R1",-4,8,"DSC_0374.JPG",0.383223806945729,0.628370404411765,2013-02-21,"elevated"
"R1",-4,4,"DSC_0375.JPG",0.468983151311191,0.686000919117647,2013-02-21,"elevated"
"R1",-4,-8,"DSC_0458.JPG",0.447414858303409,0.530423713235294,2012-11-20,"elevated"
"R1",-8,-4,"DSC_0459.JPG",0.448815952635401,0.631854779411765,2012-11-20,"elevated"
"R1",-8,0,"DSC_0460.JPG",0.469116463138601,0.786159926470588,2012-11-20,"elevated"
"R1",4,0,"DSC_0447.JPG",0.409725494645566,0.595825367647059,2012-11-20,"elevated"
"R1",4,-4,"DSC_0448.JPG",0.424303529929832,0.583128676470588,2012-11-20,"elevated"
"R1",4,-8,"DSC_0449.JPG",0.473082054445072,0.636355698529412,2012-11-20,"elevated"
"R1",0,-8,"DSC_0450.JPG",0.437118656954898,0.568230698529412,2012-11-20,"elevated"
"R1",0,-4,"DSC_0451.JPG",0.405256114085866,0.605703125,2012-11-20,"elevated"
"R1",-8,-4,"DSC_0546.JPG",0.41820157645554,0.525508272058824,2013-03-22,"elevated"
"R1",-8,0,"DSC_0547.JPG",0.394370178087052,0.738918198529412,2013-03-22,"elevated"
"R1",-8,4,"DSC_0548.JPG",0.407981686523719,0.648684742647059,2013-03-22,"elevated"
"R1",-4,4,"DSC_0539.JPG",0.382733982819173,0.781834558823529,2013-10-22,"elevated"
"R1",-4,0,"DSC_0540.JPG",0.433330056893455,0.596458639705882,2013-10-22,"elevated"
"R1",-4,-4,"DSC_0541.JPG",0.453277212734386,0.573652573529412,2013-10-22,"elevated"
"R1",-4,-8,"DSC_0542.JPG",0.451385429650387,0.642377757352941,2013-10-22,"elevated"
"R1",4,4,"DSC_0446.JPG",0.464904273024196,0.702561580882353,2012-11-20,"elevated"
"R1",-4,-8,"DSC_0157.JPG",0.439859956965973,0.507390625,2013-01-21,"elevated"
"R1",-8,-4,"DSC_0158.JPG",0.359892611170802,0.688837316176471,2013-01-21,"elevated"
"R1",-8,0,"DSC_0159.JPG",0.40943846815448,0.827961397058824,2013-01-21,"elevated"
"R1",-8,4,"DSC_0160.JPG",0.42575792697467,0.570373161764706,2013-01-21,"elevated"
"R1",-8,-4,"DSC_0925.JPG",0.432424224265461,0.607445772058824,2013-05-22,"elevated"
"R1",0,4,"DSC_0452.JPG",0.389832869976786,0.540693014705882,2012-11-20,"elevated"
"R1",0,8,"DSC_0453.JPG",0.414250257518495,0.622171875,2012-11-20,"elevated"
"R1",-4,8,"DSC_0454.JPG",0.413917629446226,0.710580882352941,2012-11-20,"elevated"
"R1",10.5,0,"DSC_0140.JPG",0.435928381659195,0.361334558823529,2013-01-21,"elevated"
"R1",8,-4,"DSC_0141.JPG",0.389612269323421,0.539308823529412,2013-01-21,"elevated"
"R1",8,4,"DSC_0444.JPG",0.408617431091582,0.483880514705882,2012-11-20,"elevated"
"R1",4,8,"DSC_0445.JPG",0.432181665562953,0.470943933823529,2012-11-20,"elevated"
"R1",-4,-4,"DSC_0156.JPG",0.440464822658641,0.550013786764706,2013-01-21,"elevated"
"R1",8,4,"DSC_0143.JPG",0.440845005775351,0.564372242647059,2013-01-21,"elevated"
"R1",4,8,"DSC_0144.JPG",0.371538205966676,0.516461397058824,2013-01-21,"elevated"
"R1",4,4,"DSC_0145.JPG",0.38160184358226,0.679258272058823,2013-01-21,"elevated"
"R1",4,0,"DSC_0146.JPG",0.433406488806619,0.567391544117647,2013-01-21,"elevated"
"R1",4,-4,"DSC_0147.JPG",0.412155418615413,0.597953125,2013-01-21,"elevated"
"R1",-8,0,"DSC_0926.JPG",0.434321221433249,0.698121323529412,2013-05-22,"elevated"
"R1",-8,4,"DSC_0927.JPG",0.430196663803804,0.626342830882353,2013-05-22,"elevated"
"R1",0,4,"DSC_0536.JPG",0.416804484066613,0.589678308823529,2013-10-22,"elevated"
"R1",-4,4,"DSC_0455.JPG",0.393845833368337,0.746697610294118,2012-11-20,"elevated"
"R1",-4,0,"DSC_0456.JPG",0.401743190973273,0.518065257352941,2012-11-20,"elevated"
"R1",-4,-4,"DSC_0457.JPG",0.456993419787022,0.504513786764706,2012-11-20,"elevated"
"R1",-4,0,"DSC_0155.JPG",0.426100268214991,0.517643382352941,2013-01-21,"elevated"
"R1",8,0,"DSC_0142.JPG",0.425426925878744,0.523867647058823,2013-01-21,"elevated"
"R1",4,-8,"DSC_0159.JPG",0.37340815366233,0.509225183823529,2013-06-27,"elevated"
"R1",0,-8,"DSC_0160.JPG",0.41428593712598,0.498421875,2013-06-27,"elevated"
"R1",0,-4,"DSC_0161.JPG",0.38604053444109,0.571239889705882,2013-06-27,"elevated"
"R1",0,4,"DSC_0162.JPG",0.400553846964457,0.533254595588235,2013-06-27,"elevated"
"R1",0,8,"DSC_0163.JPG",0.398718182290245,0.600519301470588,2013-06-27,"elevated"
"R1",4,-8,"DSC_0148.JPG",0.406606711497528,0.644225183823529,2013-01-21,"elevated"
"R1",0,-8,"DSC_0149.JPG",0.417878001780668,0.538920036764706,2013-01-21,"elevated"
"R1",0,-4,"DSC_0150.JPG",0.439895074458914,0.599677389705882,2013-01-21,"elevated"
"R1",0,8,"DSC_0537.JPG",0.436041737390659,0.739397977941176,2013-10-22,"elevated"
"R1",-4,8,"DSC_0538.JPG",0.427886289052321,0.716225183823529,2013-10-22,"elevated"
"R1",-4,-4,"DSC_0362.JPG",0.436676852464733,0.537840073529412,2013-08-08,"elevated"
"R1",-4,4,"DSC_0154.JPG",0.440646972722214,0.738073529411765,2013-01-21,"elevated"
"R1",4,-4,"DSC_0158.JPG",0.411925360986453,0.512272058823529,2013-06-27,"elevated"
"R1",4,0,"DSC_0534.JPG",0.400582748419209,0.507739889705882,2013-03-22,"elevated"
"R1",4,-4,"DSC_0535.JPG",0.428607388416075,0.415351102941176,2013-03-22,"elevated"
"R1",4,-8,"DSC_0536.JPG",0.412319913285892,0.486451286764706,2013-03-22,"elevated"
"R1",10.5,0,"DSC_0907.JPG",0.462869311920333,0.336107536764706,2013-05-22,"elevated"
"R1",8,-4,"DSC_0908.JPG",0.426308983179923,0.485008272058824,2013-05-22,"elevated"
"R1",-4,8,"DSC_0164.JPG",0.412608125397602,0.667428308823529,2013-06-27,"elevated"
"R1",-4,4,"DSC_0165.JPG",0.376532978056646,0.637642463235294,2013-06-27,"elevated"
"R1",-4,0,"DSC_0166.JPG",0.449616265412217,0.481460477941176,2013-06-27,"elevated"
"R1",0,4,"DSC_0151.JPG",0.38147301882679,0.485773897058824,2013-01-21,"elevated"
"R1",0,8,"DSC_0152.JPG",0.397271877867751,0.691444852941177,2013-01-21,"elevated"
"R1",-4,8,"DSC_0153.JPG",0.448730555233181,0.642470588235294,2013-01-21,"elevated"
"R1",-4,0,"DSC_0361.JPG",0.460082768202204,0.530012867647059,2013-08-08,"elevated"
"R1",4,0,"DSC_0157.JPG",0.397823061489204,0.592816176470588,2013-06-27,"elevated"
"R1",4,4,"DSC_0533.JPG",0.414888683175829,0.5615,2013-03-22,"elevated"
"R1",4,-8,"DSC_0915.JPG",0.41608187005765,0.536391544117647,2013-05-22,"elevated"
"R1",0,-8,"DSC_0916.JPG",0.424862285433712,0.466863970588235,2013-05-22,"elevated"
"R1",0,-8,"DSC_0537.JPG",0.416112960802361,0.395591911764706,2013-03-22,"elevated"
"R1",0,-4,"DSC_0538.JPG",0.389690296490827,0.469150735294118,2013-03-22,"elevated"
"R1",8,0,"DSC_0909.JPG",0.437276771224288,0.403894301470588,2013-05-22,"elevated"
"R1",10.5,0,"DSC_0151.JPG",0.444035905948501,0.344295955882353,2013-06-27,"elevated"
"R1",8,-4,"DSC_0152.JPG",0.405063424173235,0.493513786764706,2013-06-27,"elevated"
"R1",-4,-4,"DSC_0167.JPG",0.405822176670783,0.457548713235294,2013-06-27,"elevated"
"R1",-4,8,"DSC_0359.JPG",0.39851045272801,0.631838235294118,2013-08-08,"elevated"
"R1",-4,4,"DSC_0360.JPG",0.412470770200997,0.654229779411765,2013-08-08,"elevated"
"R1",4,4,"DSC_0156.JPG",0.445628730075895,0.608633272058824,2013-06-27,"elevated"
"R1",4,8,"DSC_0532.JPG",0.417578023422198,0.303113051470588,2013-03-22,"elevated"
"R1",4,0,"DSC_0913.JPG",0.435638438763784,0.567682904411765,2013-05-22,"elevated"
"R1",4,-4,"DSC_0914.JPG",0.409096412791792,0.542330882352941,2013-05-22,"elevated"
"R1",0,8,"DSC_0540.JPG",0.398992293953631,0.495747242647059,2013-03-22,"elevated"
"R1",0,-4,"DSC_0917.JPG",0.373268743546248,0.582074448529412,2013-05-22,"elevated"
"R1",0,4,"DSC_0918.JPG",0.40392782211942,0.510602022058824,2013-05-22,"elevated"
"R1",0,4,"DSC_0539.JPG",0.386580067454067,0.418258272058824,2013-03-22,"elevated"
"R1",4,8,"DSC_0155.JPG",0.425584277136491,0.387742647058824,2013-06-27,"elevated"
"R1",-4,8,"DSC_0541.JPG",0.373809113490173,0.585104779411765,2013-03-22,"elevated"
"R1",8,0,"DSC_0153.JPG",0.429727363883164,0.413180147058824,2013-06-27,"elevated"
"R1",8,4,"DSC_0154.JPG",0.439282487416965,0.407147058823529,2013-06-27,"elevated"
"R1",4,0,"DSC_0531.JPG",0.466667662196958,0.733454044117647,2013-10-22,"elevated"
"R1",0,-4,"DSC_0535.JPG",0.423770908548289,0.720915441176471,2013-10-22,"elevated"
"R1",0,-8,"DSC_0534.JPG",0.437950584062105,0.582545955882353,2013-10-22,"elevated"
"R1",4,-4,"DSC_0532.JPG",0.420527547450892,0.665975183823529,2013-10-22,"elevated"
"R1",0,8,"DSC_0919.JPG",0.412119486230994,0.596252757352941,2013-05-22,"elevated"
"R1",-4,8,"DSC_0920.JPG",0.425260779106861,0.643345588235294,2013-05-22,"elevated"
"R1",10.5,0,"DSC_0346.JPG",0.440542426548085,0.398982536764706,2013-08-08,"elevated"
"R1",8,-4,"DSC_0347.JPG",0.416584754594085,0.511358455882353,2013-08-08,"elevated"
"R1",0,4,"DSC_0357.JPG",0.363414954704621,0.524651654411765,2013-08-08,"elevated"
"R1",0,8,"DSC_0358.JPG",0.397115408774823,0.648154411764706,2013-08-08,"elevated"
"R1",-4,4,"DSC_0921.JPG",0.417221271431195,0.669026654411765,2013-05-22,"elevated"
"R1",0,-4,"DSC_0356.JPG",0.453032165016216,0.625484375,2013-08-08,"elevated"
"R1",4,4,"DSC_0530.JPG",0.472160714404576,0.741992647058824,2013-10-22,"elevated"
"R1",8,0,"DSC_0348.JPG",0.412484788250667,0.527742647058824,2013-08-08,"elevated"
"R1",8,4,"DSC_0531.JPG",0.419669402522804,0.399711397058824,2013-03-22,"elevated"
"R1",4,4,"DSC_0912.JPG",0.47307545483285,0.601887867647059,2013-05-22,"elevated"
"R1",10.5,0,"DSC_0528.JPG",0.457662922131093,0.2725,2013-03-22,"elevated"
"R1",8,-4,"DSC_0529.JPG",0.435550687664763,0.410876838235294,2013-03-22,"elevated"
"R1",8,4,"DSC_0349.JPG",0.447412468792542,0.483538602941176,2013-08-08,"elevated"
"R1",4,8,"DSC_0350.JPG",0.385877330740353,0.447147977941176,2013-08-08,"elevated"
"R1",0,-8,"DSC_0355.JPG",0.448704198388199,0.537549632352941,2013-08-08,"elevated"
"R1",-4,0,"DSC_0922.JPG",0.426420676382162,0.433120404411765,2013-05-22,"elevated"
"R1",8,0,"DSC_0530.JPG",0.389835890566077,0.417020220588235,2013-03-22,"elevated"
"R1",4,-8,"DSC_0533.JPG",0.47674950659191,0.661160845588235,2013-10-22,"elevated"
"R1",4,8,"DSC_0911.JPG",0.453458585893514,0.391961397058824,2013-05-22,"elevated"
"R1",4,8,"DSC_0529.JPG",0.415773198394689,0.546150735294118,2013-10-22,"elevated"
"R1",-4,-4,"DSC_0923.JPG",0.468762872960109,0.485977022058824,2013-05-22,"elevated"
"R1",-4,-8,"DSC_0924.JPG",0.425728634270306,0.522361213235294,2013-05-22,"elevated"
"R1",8,4,"DSC_0910.JPG",0.490468754579347,0.379630514705882,2013-05-22,"elevated"
"R1",4,-8,"DSC_0354.JPG",0.413327321386764,0.592302389705882,2013-08-08,"elevated"
"R1",4,4,"DSC_0351.JPG",0.421107945532921,0.672199448529412,2013-08-08,"elevated"
"R1",4,0,"DSC_0352.JPG",0.429235696898691,0.634265625,2013-08-08,"elevated"
"R1",8,-4,"DSC_0526.JPG",0.467841757625494,0.618965073529412,2013-10-22,"elevated"
"R1",4,-4,"DSC_0353.JPG",0.421192968179853,0.563877757352941,2013-08-08,"elevated"
"R1",8,4,"DSC_0528.JPG",0.505053729683316,0.580651654411765,2013-10-22,"elevated"
"R1",10.5,0,"DSC_0525.JPG",0.424544202609057,0.460857536764706,2013-10-22,"elevated"
"R1",8,0,"DSC_0527.JPG",0.409219231256405,0.620554227941176,2013-10-22,"elevated"
"R2",-4,4,"DSC_0464.JPG",0.402010602762218,0.568569852941176,2012-10-20,"ambient"
"R2",-4,8,"DSC_0396.JPG",0.436987709080639,0.430291360294118,2013-02-21,"ambient"
"R2",-4,8,"DSC_0465.JPG",0.396858473829063,0.346368566176471,2012-10-20,"ambient"
"R2",-8,-8,"DSC_0466.JPG",0.333855630606,0.569482536764706,2012-10-20,"ambient"
"R2",-4,0,"DSC_0463.JPG",0.401970182646154,0.528487132352941,2012-10-20,"ambient"
"R2",0,4,"DSC_0394.JPG",0.419986685202414,0.445979779411765,2013-02-21,"ambient"
"R2",0,8,"DSC_0431.JPG",0.424183993991621,0.631681066176471,2012-11-20,"ambient"
"R2",-4,4,"DSC_0397.JPG",0.386903334359407,0.590601102941177,2013-02-21,"ambient"
"R2",-4,-4,"DSC_0462.JPG",0.394669655315064,0.468915441176471,2012-10-20,"ambient"
"R2",0,8,"DSC_0395.JPG",0.424900683347499,0.568590073529412,2013-02-21,"ambient"
"R2",-4,-8,"DSC_0400.JPG",0.390187143610692,0.460614889705882,2013-02-21,"ambient"
"R2",-8,-4,"DSC_0401.JPG",0.354921462242232,0.551365808823529,2013-02-21,"ambient"
"R2",-4,0,"DSC_0398.JPG",0.378606821318752,0.499313419117647,2013-02-21,"ambient"
"R2",-4,-4,"DSC_0399.JPG",0.388432336230531,0.473147058823529,2013-02-21,"ambient"
"R2",0,-4,"DSC_0393.JPG",0.387249244827992,0.485479779411765,2013-02-21,"ambient"
"R2",-8,0,"DSC_0148.JPG",0.397605469170596,0.616945772058824,2013-06-27,"ambient"
"R2",-4,0,"DSC_0434.JPG",0.448705670773077,0.553853860294118,2012-11-20,"ambient"
"R2",-4,-8,"DSC_0461.JPG",0.336159974966784,0.539157169117647,2012-10-20,"ambient"
"R2",-4,-8,"DSC_0436.JPG",0.46050055479044,0.535623161764706,2012-11-20,"ambient"
"R2",-8,-4,"DSC_0437.JPG",0.429771993153486,0.592270220588235,2012-11-20,"ambient"
"R2",-8,0,"DSC_0438.JPG",0.432517979786962,0.623984375,2012-11-20,"ambient"
"R2",-4,-4,"DSC_0435.JPG",0.465076830722629,0.445503676470588,2012-11-20,"ambient"
"R2",0,-8,"DSC_0392.JPG",0.388836694450707,0.554433823529412,2013-02-21,"ambient"
"R2",4,-8,"DSC_0391.JPG",0.42365603900885,0.375409926470588,2013-02-21,"ambient"
"R2",8,-4,"DSC_0130.JPG",0.435998486914496,0.537188419117647,2013-06-27,"ambient"
"R2",0,12,"DSC_0460.JPG",0.333799843271296,0.702352022058824,2012-10-20,"ambient"
"R2",-4,4,"DSC_0433.JPG",0.413701121313021,0.669426470588235,2012-11-20,"ambient"
"R2",-4,4,"DSC_0176.JPG",0.441597829750625,0.560131433823529,2013-01-21,"ambient"
"R2",-4,0,"DSC_0177.JPG",0.447419889293734,0.517696691176471,2013-01-21,"ambient"
"R2",-4,8,"DSC_0432.JPG",0.429987594669086,0.477049632352941,2012-11-20,"ambient"
"R2",0,8,"DSC_0459.JPG",0.365911046881398,0.577636029411765,2012-10-20,"ambient"
"R2",4,-4,"DSC_0390.JPG",0.402187254650784,0.463424632352941,2013-02-21,"ambient"
"R2",-8,-4,"DSC_0147.JPG",0.398396655655457,0.697263786764706,2013-06-27,"ambient"
"R2",-4,-4,"DSC_0178.JPG",0.527863197424798,0.485321691176471,2013-01-21,"ambient"
"R2",8,0,"DSC_0131.JPG",0.381260804350671,0.590220588235294,2013-06-27,"ambient"
"R2",8,4,"DSC_0132.JPG",0.398171434617411,0.405766544117647,2013-06-27,"ambient"
"R2",4,8,"DSC_0133.JPG",0.443448980400801,0.408446691176471,2013-06-27,"ambient"
"R2",-4,-8,"DSC_0523.JPG",0.404110194807299,0.483001838235294,2013-03-22,"ambient"
"R2",4,0,"DSC_0135.JPG",0.396185570469463,0.581019301470588,2013-06-27,"ambient"
"R2",-8,-4,"DSC_0467.JPG",0.314632432524089,0.591745404411765,2012-10-20,"ambient"
"R2",-8,0,"DSC_0402.JPG",0.3778273528099,0.578004595588235,2013-02-21,"ambient"
"R2",4,4,"DSC_0134.JPG",0.448349510991579,0.364095588235294,2013-06-27,"ambient"
"R2",0,4,"DSC_0458.JPG",0.381332637413086,0.593459558823529,2012-10-20,"ambient"
"R2",4,0,"DSC_0389.JPG",0.408496751534852,0.561767463235294,2013-02-21,"ambient"
"R2",-4,-8,"DSC_0146.JPG",0.390008162510115,0.542400735294118,2013-06-27,"ambient"
"R2",10.5,0,"DSC_0129.JPG",0.369949386482764,0.544378676470588,2013-06-27,"ambient"
"R2",8,4,"DSC_0386.JPG",0.407847454444094,0.371422794117647,2013-02-21,"ambient"
"R2",-8,-4,"DSC_0524.JPG",0.394502525974227,0.521476102941177,2013-03-22,"ambient"
"R2",-8,4,"DSC_0149.JPG",0.374578747498258,0.564366727941176,2013-06-27,"ambient"
"R2",-4,-8,"DSC_0341.JPG",0.393587385150238,0.552038602941176,2013-08-08,"ambient"
"R2",-8,-4,"DSC_0342.JPG",0.401533225760899,0.693942095588235,2013-08-08,"ambient"
"R2",-8,0,"DSC_0343.JPG",0.386968806752706,0.614739889705882,2013-08-08,"ambient"
"R2",-4,-8,"DSC_0179.JPG",0.384918042179206,0.474615808823529,2013-01-21,"ambient"
"R2",-8,4,"DSC_0439.JPG",0.444714148420171,0.581291360294118,2012-11-20,"ambient"
"R2",-8,4,"DSC_0403.JPG",0.382538791861343,0.530653492647059,2013-02-21,"ambient"
"R2",-4,-4,"DSC_0145.JPG",0.42003117309826,0.5710625,2013-06-27,"ambient"
"R2",-4,0,"DSC_0521.JPG",0.409082821971367,0.596254595588235,2013-03-22,"ambient"
"R2",4,8,"DSC_0387.JPG",0.433891743355948,0.381428308823529,2013-02-21,"ambient"
"R2",-4,-4,"DSC_0522.JPG",0.40672758325725,0.402136948529412,2013-03-22,"ambient"
"R2",-8,-4,"DSC_0947.JPG",0.377009604015236,0.673121323529412,2013-05-22,"ambient"
"R2",4,-8,"DSC_0427.JPG",0.392286943160761,0.442893382352941,2012-11-20,"ambient"
"R2",0,-8,"DSC_0428.JPG",0.370350475024071,0.591008272058824,2012-11-20,"ambient"
"R2",0,-4,"DSC_0429.JPG",0.406214658794391,0.458414522058824,2012-11-20,"ambient"
"R2",0,4,"DSC_0430.JPG",0.394140261007786,0.616528492647059,2012-11-20,"ambient"
"R2",4,8,"DSC_0510.JPG",0.427929659065992,0.376220588235294,2013-03-22,"ambient"
"R2",4,-4,"DSC_0136.JPG",0.421662822013179,0.506753676470588,2013-06-27,"ambient"
"R2",4,-8,"DSC_0137.JPG",0.392370976113433,0.451767463235294,2013-06-27,"ambient"
"R2",-4,8,"DSC_0519.JPG",0.429077254410786,0.414587316176471,2013-03-22,"ambient"
"R2",-4,4,"DSC_0520.JPG",0.354425364669887,0.639327205882353,2013-03-22,"ambient"
"R2",0,-4,"DSC_0457.JPG",0.389815708491757,0.401828125,2012-10-20,"ambient"
"R2",-8,4,"DSC_0469.JPG",0.353556096389905,0.565464154411765,2012-10-20,"ambient"
"R2",8,0,"DSC_0385.JPG",0.434135970059911,0.562046875,2013-02-21,"ambient"
"R2",12,0,"DSC_0445.JPG",0.417116583409141,0.420832720588235,2012-10-20,"ambient"
"R2",-8,0,"DSC_0948.JPG",0.410613947562608,0.585261948529412,2013-05-22,"ambient"
"R2",-8,4,"DSC_0949.JPG",0.41314006791862,0.543912683823529,2013-05-22,"ambient"
"R2",-8,0,"DSC_0525.JPG",0.405172885270249,0.544291360294118,2013-03-22,"ambient"
"R2",-8,4,"DSC_0526.JPG",0.408582347113767,0.525381433823529,2013-03-22,"ambient"
"R2",-4,4,"DSC_0501.JPG",0.432003237138208,0.698363970588235,2013-10-22,"ambient"
"R2",4,4,"DSC_0511.JPG",0.416164862949163,0.279161764705882,2013-03-22,"ambient"
"R2",4,0,"DSC_0512.JPG",0.400492140418364,0.593548713235294,2013-03-22,"ambient"
"R2",-8,-4,"DSC_0180.JPG",0.417326745590779,0.648931985294118,2013-01-21,"ambient"
"R2",-8,0,"DSC_0181.JPG",0.452004103841598,0.602818933823529,2013-01-21,"ambient"
"R2",-8,0,"DSC_0468.JPG",0.351281686725776,0.608965073529412,2012-10-20,"ambient"
"R2",8,-4,"DSC_0384.JPG",0.435778392512661,0.492878676470588,2013-02-21,"ambient"
"R2",-4,-8,"DSC_0946.JPG",0.40553243935472,0.521125919117647,2013-05-22,"ambient"
"R2",8,4,"DSC_0165.JPG",0.435745809719821,0.511431985294118,2013-01-21,"ambient"
"R2",4,8,"DSC_0166.JPG",0.48289761340355,0.519655330882353,2013-01-21,"ambient"
"R2",4,0,"DSC_0168.JPG",0.445373538887825,0.589127757352941,2013-01-21,"ambient"
"R2",4,-4,"DSC_0169.JPG",0.469260514720085,0.506485294117647,2013-01-21,"ambient"
"R2",4,-8,"DSC_0170.JPG",0.444812663843643,0.471250919117647,2013-01-21,"ambient"
"R2",0,-8,"DSC_0171.JPG",0.448471458404388,0.568973345588235,2013-01-21,"ambient"
"R2",-4,0,"DSC_0502.JPG",0.394894025544507,0.621234375,2013-10-22,"ambient"
"R2",-8,4,"DSC_0344.JPG",0.400516989156773,0.582857536764706,2013-08-08,"ambient"
"R2",4,-4,"DSC_0513.JPG",0.416154022104478,0.459850183823529,2013-03-22,"ambient"
"R2",0,-8,"DSC_0138.JPG",0.357506533103492,0.604442095588235,2013-06-27,"ambient"
"R2",0,-4,"DSC_0139.JPG",0.388793849171662,0.533552389705882,2013-06-27,"ambient"
"R2",-8,4,"DSC_0182.JPG",0.429656369455663,0.553251838235294,2013-01-21,"ambient"
"R2",10.5,0,"DSC_0383.JPG",0.428417637175677,0.573080882352941,2013-02-21,"ambient"
"R2",0,8,"DSC_0141.JPG",0.44076904913741,0.592060661764706,2013-06-27,"ambient"
"R2",-4,8,"DSC_0142.JPG",0.425268080600177,0.447230698529412,2013-06-27,"ambient"
"R2",-4,4,"DSC_0143.JPG",0.389411126005157,0.638383272058824,2013-06-27,"ambient"
"R2",-8,8,"DSC_0470.JPG",0.435841381323861,0.324998161764706,2012-10-20,"ambient"
"R2",0,4,"DSC_0498.JPG",0.429626554329489,0.666022977941176,2013-10-22,"ambient"
"R2",0,8,"DSC_0499.JPG",0.476095821232141,0.684671875,2013-10-22,"ambient"
"R2",0,-4,"DSC_0172.JPG",0.456610116611206,0.405254595588235,2013-01-21,"ambient"
"R2",0,4,"DSC_0173.JPG",0.418514514229819,0.631560661764706,2013-01-21,"ambient"
"R2",0,8,"DSC_0174.JPG",0.411914798554524,0.569747242647059,2013-01-21,"ambient"
"R2",-4,8,"DSC_0175.JPG",0.393392678802886,0.439556985294118,2013-01-21,"ambient"
"R2",4,-8,"DSC_0514.JPG",0.412811998072135,0.376158088235294,2013-03-22,"ambient"
"R2",0,-8,"DSC_0515.JPG",0.409731346870574,0.562875,2013-03-22,"ambient"
"R2",0,4,"DSC_0140.JPG",0.412614512043427,0.426880514705882,2013-06-27,"ambient"
"R2",8,-4,"DSC_0421.JPG",0.460392086734583,0.599969669117647,2012-11-20,"ambient"
"R2",8,0,"DSC_0422.JPG",0.445739130697422,0.651494485294118,2012-11-20,"ambient"
"R2",8,-8,"DSC_0446.JPG",0.37941319236513,0.601324448529412,2012-10-20,"ambient"
"R2",8,-4,"DSC_0447.JPG",0.391034483391133,0.649710477941176,2012-10-20,"ambient"
"R2",8,0,"DSC_0448.JPG",0.354620513395021,0.571623161764706,2012-10-20,"ambient"
"R2",8,4,"DSC_0449.JPG",0.393106541869875,0.438944852941176,2012-10-20,"ambient"
"R2",-4,8,"DSC_0500.JPG",0.445794203073415,0.547068933823529,2013-10-22,"ambient"
"R2",-4,-4,"DSC_0340.JPG",0.417879100100062,0.533538602941176,2013-08-08,"ambient"
"R2",-4,-4,"DSC_0503.JPG",0.431734134526918,0.609972426470588,2013-10-22,"ambient"
"R2",-8,-4,"DSC_0505.JPG",0.412405991012811,0.747828125,2013-10-22,"ambient"
"R2",-8,0,"DSC_0506.JPG",0.40161865502344,0.702829963235294,2013-10-22,"ambient"
"R2",-8,4,"DSC_0507.JPG",0.389345789617932,0.660215073529412,2013-10-22,"ambient"
"R2",0,4,"DSC_0940.JPG",0.373017241386079,0.508017463235294,2013-05-22,"ambient"
"R2",0,-4,"DSC_0516.JPG",0.405006128577117,0.455935661764706,2013-03-22,"ambient"
"R2",0,4,"DSC_0517.JPG",0.370172988182844,0.461738051470588,2013-03-22,"ambient"
"R2",8,4,"DSC_0423.JPG",0.456827889020463,0.501934742647059,2012-11-20,"ambient"
"R2",4,8,"DSC_0424.JPG",0.44411864083646,0.484853860294118,2012-11-20,"ambient"
"R2",4,0,"DSC_0425.JPG",0.471909354983931,0.604807904411765,2012-11-20,"ambient"
"R2",4,-4,"DSC_0426.JPG",0.425983467391908,0.467178308823529,2012-11-20,"ambient"
"R2",10.5,0,"DSC_0506.JPG",0.382428832645953,0.545324448529412,2013-03-22,"ambient"
"R2",8,-4,"DSC_0507.JPG",0.441005444940048,0.531653492647059,2013-03-22,"ambient"
"R2",8,0,"DSC_0508.JPG",0.386730711458592,0.587794117647059,2013-03-22,"ambient"
"R2",8,4,"DSC_0509.JPG",0.421223742593906,0.402682904411765,2013-03-22,"ambient"
"R2",10.5,0,"DSC_0324.JPG",0.393167188470374,0.593302389705882,2013-08-08,"ambient"
"R2",0,-4,"DSC_0939.JPG",0.445163465252471,0.501236213235294,2013-05-22,"ambient"
"R2",0,-12,"DSC_0455.JPG",0.421176040472168,0.438776654411765,2012-10-20,"ambient"
"R2",0,-8,"DSC_0456.JPG",0.341804357550175,0.598586397058824,2012-10-20,"ambient"
"R2",10.5,0,"DSC_0420.JPG",0.445140870931087,0.617551470588235,2012-11-20,"ambient"
"R2",0,8,"DSC_0518.JPG",0.435691136127251,0.502549632352941,2013-03-22,"ambient"
"R2",0,-8,"DSC_0333.JPG",0.391070629308513,0.615934742647059,2013-08-08,"ambient"
"R2",-4,0,"DSC_0144.JPG",0.390949354305692,0.614375919117647,2013-06-27,"ambient"
"R2",0,8,"DSC_0336.JPG",0.462827821561732,0.605486213235294,2013-08-08,"ambient"
"R2",-4,8,"DSC_0337.JPG",0.43705786596645,0.467436580882353,2013-08-08,"ambient"
"R2",-4,4,"DSC_0338.JPG",0.39331271716523,0.672452205882353,2013-08-08,"ambient"
"R2",-4,0,"DSC_0339.JPG",0.427993423061551,0.608387867647059,2013-08-08,"ambient"
"R2",4,0,"DSC_0452.JPG",0.380404898473699,0.596927389705882,2012-10-20,"ambient"
"R2",-4,-8,"DSC_0504.JPG",0.413125926713751,0.64434375,2013-10-22,"ambient"
"R2",4,8,"DSC_0454.JPG",0.488503110662945,0.47184375,2012-10-20,"ambient"
"R2",8,-4,"DSC_0325.JPG",0.416916684886991,0.575261948529412,2013-08-08,"ambient"
"R2",8,0,"DSC_0326.JPG",0.42119463766291,0.648302389705882,2013-08-08,"ambient"
"R2",0,8,"DSC_0941.JPG",0.4562517602405,0.561320772058824,2013-05-22,"ambient"
"R2",10.5,0,"DSC_0162.JPG",0.448866784261089,0.6145,2013-01-21,"ambient"
"R2",8,-4,"DSC_0163.JPG",0.430287311172382,0.588412683823529,2013-01-21,"ambient"
"R2",8,0,"DSC_0164.JPG",0.416464197193999,0.669591911764706,2013-01-21,"ambient"
"R2",10.5,0,"DSC_0929.JPG",0.367385531916432,0.553440257352941,2013-05-22,"ambient"
"R2",8,-4,"DSC_0930.JPG",0.463328674487681,0.550338235294118,2013-05-22,"ambient"
"R2",4,-8,"DSC_0450.JPG",0.380458087393359,0.476706801470588,2012-10-20,"ambient"
"R2",4,-4,"DSC_0451.JPG",0.377271274396997,0.439047794117647,2012-10-20,"ambient"
"R2",4,8,"DSC_0933.JPG",0.448340946211154,0.400881433823529,2013-05-22,"ambient"
"R2",4,4,"DSC_0453.JPG",0.311401485638188,0.437373161764706,2012-10-20,"ambient"
"R2",4,0,"DSC_0935.JPG",0.410215646705839,0.620443014705882,2013-05-22,"ambient"
"R2",-4,4,"DSC_0943.JPG",0.406560268662731,0.660358455882353,2013-05-22,"ambient"
"R2",4,-4,"DSC_0936.JPG",0.428873409668187,0.496775735294118,2013-05-22,"ambient"
"R2",4,-8,"DSC_0937.JPG",0.41579253549895,0.428183823529412,2013-05-22,"ambient"
"R2",-4,8,"DSC_0942.JPG",0.47718935810509,0.458607536764706,2013-05-22,"ambient"
"R2",8,0,"DSC_0931.JPG",0.365467773667273,0.582897058823529,2013-05-22,"ambient"
"R2",-4,0,"DSC_0944.JPG",0.413175734866242,0.585861213235294,2013-05-22,"ambient"
"R2",0,-4,"DSC_0334.JPG",0.443676247911945,0.4563125,2013-08-08,"ambient"
"R2",0,4,"DSC_0335.JPG",0.358985262400054,0.525136948529412,2013-08-08,"ambient"
"R2",4,4,"DSC_0492.JPG",0.444543362138894,0.431402573529412,2013-10-22,"ambient"
"R2",8,4,"DSC_0932.JPG",0.427701090932967,0.403606617647059,2013-05-22,"ambient"
"R2",4,-8,"DSC_0495.JPG",0.393046839260077,0.542127757352941,2013-10-22,"ambient"
"R2",4,4,"DSC_0934.JPG",0.420612314640615,0.407933823529412,2013-05-22,"ambient"
"R2",8,4,"DSC_0327.JPG",0.388415343431708,0.474911764705882,2013-08-08,"ambient"
"R2",4,8,"DSC_0328.JPG",0.432191731926651,0.456180147058824,2013-08-08,"ambient"
"R2",4,4,"DSC_0329.JPG",0.418006750105335,0.364626838235294,2013-08-08,"ambient"
"R2",4,0,"DSC_0330.JPG",0.358671173860941,0.589724264705882,2013-08-08,"ambient"
"R2",-4,-4,"DSC_0945.JPG",0.406575598202958,0.501090073529412,2013-05-22,"ambient"
"R2",-12,0,"DSC_0471.JPG",0.347578790585481,0.552088235294118,2012-10-20,"ambient"
"R2",0,-4,"DSC_0497.JPG",0.408671552540034,0.512573529411765,2013-10-22,"ambient"
"R2",4,8,"DSC_0491.JPG",0.445811823348452,0.514855698529412,2013-10-22,"ambient"
"R2",4,0,"DSC_0493.JPG",0.400490152341197,0.63575,2013-10-22,"ambient"
"R2",8,0,"DSC_0489.JPG",0.389907100733158,0.6745625,2013-10-22,"ambient"
"R2",0,-8,"DSC_0938.JPG",0.37920425075241,0.613034926470588,2013-05-22,"ambient"
"R2",10.5,0,"DSC_0487.JPG",0.4173136519203,0.629194852941176,2013-10-22,"ambient"
"R2",8,-4,"DSC_0488.JPG",0.417653862306792,0.669534007352941,2013-10-22,"ambient"
"R2",8,4,"DSC_0490.JPG",0.430161986624416,0.497153492647059,2013-10-22,"ambient"
"R2",4,-4,"DSC_0494.JPG",0.418162146191526,0.594815257352941,2013-10-22,"ambient"
"R2",0,-8,"DSC_0496.JPG",0.423689797665165,0.702815257352941,2013-10-22,"ambient"
"R2",4,-8,"DSC_0332.JPG",0.41614604941242,0.436509191176471,2013-08-08,"ambient"
"R2",4,-4,"DSC_0331.JPG",0.440942535632648,0.491807904411765,2013-08-08,"ambient"
"R3",0,4,"DSC_0282.JPG",0.529382017975768,0.464592830882353,2013-02-21,"ambient"
"R3",-4,-8,"DSC_0285.JPG",0.406817648065684,0.559814338235294,2013-02-21,"ambient"
"R3",0,-8,"DSC_0284.JPG",0.417717928784323,0.539540441176471,2013-02-21,"ambient"
"R3",0,8,"DSC_0281.JPG",0.456259644002603,0.594277573529412,2013-02-21,"ambient"
"R3",4,8,"DSC_0280.JPG",0.447715798762126,0.394243566176471,2013-02-21,"ambient"
"R3",-4,-4,"DSC_0286.JPG",0.448066068087255,0.568290441176471,2013-02-21,"ambient"
"R3",-4,0,"DSC_0338.JPG",0.380434412250889,0.576161764705882,2012-11-20,"ambient"
"R3",-4,4,"DSC_0339.JPG",0.394034033172743,0.527496323529412,2012-11-20,"ambient"
"R3",4,4,"DSC_0279.JPG",0.447794892205573,0.529670955882353,2013-02-21,"ambient"
"R3",0,-4,"DSC_0283.JPG",0.402225474746859,0.524364889705882,2013-02-21,"ambient"
"R3",4,0,"DSC_0278.JPG",0.484204405160164,0.460253676470588,2013-02-21,"ambient"
"R3",4,-4,"DSC_0277.JPG",0.544551485047182,0.340903492647059,2013-02-21,"ambient"
"R3",-4,-4,"DSC_0337.JPG",0.404338189792996,0.612352022058824,2012-11-20,"ambient"
"R3",-8,0,"DSC_0058.JPG",0.353057088327026,0.569180147058824,2013-06-27,"ambient"
"R3",0,-8,"DSC_0335.JPG",0.389402909413848,0.473479779411765,2012-11-20,"ambient"
"R3",-4,-8,"DSC_0336.JPG",0.404998765988012,0.538293198529412,2012-11-20,"ambient"
"R3",-8,4,"DSC_0290.JPG",0.412815266482093,0.430806066176471,2013-02-21,"ambient"
"R3",-4,0,"DSC_0287.JPG",0.406197285896812,0.618004595588235,2013-02-21,"ambient"
"R3",-4,4,"DSC_0288.JPG",0.421275901182836,0.544555147058824,2013-02-21,"ambient"
"R3",-4,8,"DSC_0289.JPG",0.421391830636928,0.410488970588235,2013-02-21,"ambient"
"R3",-4,8,"DSC_0056.JPG",0.388319835896293,0.480270220588235,2013-06-27,"ambient"
"R3",-8,4,"DSC_0057.JPG",0.379207474842577,0.432174632352941,2013-06-27,"ambient"
"R3",-8,0,"DSC_0409.JPG",0.415937266218677,0.596328125,2012-10-20,"ambient"
"R3",8,-8,"DSC_0385.JPG",0.429480337092067,0.612286764705882,2012-10-20,"ambient"
"R3",-4,4,"DSC_0242.JPG",0.427878668446397,0.536515625,2013-08-08,"ambient"
"R3",-4,8,"DSC_0243.JPG",0.409801175710845,0.458492647058824,2013-08-08,"ambient"
"R3",-4,-4,"DSC_0264.JPG",0.462906733618735,0.554931985294118,2013-01-21,"ambient"
"R3",-8,-4,"DSC_0059.JPG",0.392198337753473,0.471400735294118,2013-06-27,"ambient"
"R3",-8,4,"DSC_0341.JPG",0.382504661259562,0.531247242647059,2012-11-20,"ambient"
"R3",-8,0,"DSC_0342.JPG",0.388396950210453,0.377373161764706,2012-11-20,"ambient"
"R3",-8,-4,"DSC_0343.JPG",0.403942129161942,0.582894301470588,2012-11-20,"ambient"
"R3",-4,8,"DSC_0340.JPG",0.447460828553769,0.452038602941176,2012-11-20,"ambient"
"R3",-8,-4,"DSC_0292.JPG",0.421796349669393,0.478658088235294,2013-02-21,"ambient"
"R3",-8,-8,"DSC_0407.JPG",0.381716482915164,0.509574448529412,2012-10-20,"ambient"
"R3",-8,-4,"DSC_0408.JPG",0.393572667268854,0.452036764705882,2012-10-20,"ambient"
"R3",10.5,0,"DSC_0040.JPG",0.383019723727439,0.517957720588235,2013-06-27,"ambient"
"R3",8,4,"DSC_0041.JPG",0.361590163977748,0.628518382352941,2013-06-27,"ambient"
"R3",8,0,"DSC_0042.JPG",0.370915643306941,0.508037683823529,2013-06-27,"ambient"
"R3",4,-8,"DSC_0043.JPG",0.416088944147831,0.246407169117647,2013-06-27,"ambient"
"R3",-8,4,"DSC_0244.JPG",0.40931416286558,0.451411764705882,2013-08-08,"ambient"
"R3",-8,0,"DSC_0245.JPG",0.39673370336949,0.577780330882353,2013-08-08,"ambient"
"R3",-8,-4,"DSC_0246.JPG",0.438022417921925,0.503724264705882,2013-08-08,"ambient"
"R3",-8,4,"DSC_0461.JPG",0.389098108652026,0.502124080882353,2013-10-22,"ambient"
"R3",-8,0,"DSC_0462.JPG",0.386145307443567,0.637334558823529,2013-10-22,"ambient"
"R3",-8,0,"DSC_0291.JPG",0.410326287472471,0.589368566176471,2013-02-21,"ambient"
"R3",-4,8,"DSC_0406.JPG",0.387303401793133,0.717784926470588,2012-10-20,"ambient"
"R3",8,0,"DSC_0274.JPG",0.472033032462146,0.509459558823529,2013-02-21,"ambient"
"R3",8,-4,"DSC_0275.JPG",0.447623030665052,0.492564338235294,2013-02-21,"ambient"
"R3",-4,8,"DSC_0428.JPG",0.410218198865053,0.464073529411765,2013-03-22,"ambient"
"R3",-8,4,"DSC_0429.JPG",0.444764126218508,0.361455882352941,2013-03-22,"ambient"
"R3",-8,0,"DSC_0431.JPG",0.394468972772641,0.565373161764706,2013-03-22,"ambient"
"R3",-8,-4,"DSC_0432.JPG",0.43968603777343,0.478727022058824,2013-03-22,"ambient"
"R3",4,-4,"DSC_0044.JPG",0.519674565925356,0.340923713235294,2013-06-27,"ambient"
"R3",4,0,"DSC_0045.JPG",0.39227900092198,0.456886029411765,2013-06-27,"ambient"
"R3",-4,0,"DSC_0265.JPG",0.491146397135456,0.603872242647059,2013-01-21,"ambient"
"R3",-4,4,"DSC_0266.JPG",0.573746431252025,0.576361213235294,2013-01-21,"ambient"
"R3",-4,8,"DSC_0267.JPG",0.483390967943867,0.373802389705882,2013-01-21,"ambient"
"R3",-8,-4,"DSC_0463.JPG",0.436661147728148,0.5548125,2013-10-22,"ambient"
"R3",12,0,"DSC_0384.JPG",0.393780852339109,0.495037683823529,2012-10-20,"ambient"
"R3",-4,0,"DSC_0426.JPG",0.42604234265204,0.627721507352941,2013-03-22,"ambient"
"R3",-4,4,"DSC_0427.JPG",0.453980051679826,0.524859375,2013-03-22,"ambient"
"R3",4,-8,"DSC_0254.JPG",0.469059449818756,0.313852941176471,2013-01-21,"ambient"
"R3",4,-8,"DSC_0276.JPG",0.484424780136887,0.264088235294118,2013-02-21,"ambient"
"R3",-8,4,"DSC_0410.JPG",0.45704392825416,0.524500919117647,2012-10-20,"ambient"
"R3",-8,8,"DSC_0411.JPG",0.405765127742434,0.508896139705882,2012-10-20,"ambient"
"R3",-4,-8,"DSC_0456.JPG",0.375291962244351,0.637161764705882,2013-10-22,"ambient"
"R3",-4,-4,"DSC_0457.JPG",0.384761170683227,0.639857536764706,2013-10-22,"ambient"
"R3",-4,0,"DSC_0458.JPG",0.382551945484659,0.650333639705882,2013-10-22,"ambient"
"R3",-4,4,"DSC_0459.JPG",0.445375448736171,0.602511948529412,2013-10-22,"ambient"
"R3",-4,8,"DSC_0460.JPG",0.405885918513048,0.514301470588235,2013-10-22,"ambient"
"R3",-8,4,"DSC_0268.JPG",0.466669430312943,0.421277573529412,2013-01-21,"ambient"
"R3",-4,-4,"DSC_0425.JPG",0.405376121053742,0.551024816176471,2013-03-22,"ambient"
"R3",10.5,0,"DSC_0293.JPG",0.419696973991099,0.486227022058824,2013-02-21,"ambient"
"R3",8,4,"DSC_0273.JPG",0.445589270253039,0.639681985294118,2013-02-21,"ambient"
"R3",-4,8,"DSC_0035.JPG",0.419909560184184,0.505164522058824,2013-05-22,"ambient"
"R3",-8,4,"DSC_0036.JPG",0.407890201956338,0.420953125,2013-05-22,"ambient"
"R3",4,8,"DSC_0331.JPG",0.374894679121499,0.529353860294118,2012-11-20,"ambient"
"R3",0,8,"DSC_0332.JPG",0.385809170079289,0.566300551470588,2012-11-20,"ambient"
"R3",0,4,"DSC_0333.JPG",0.402671322903,0.479053308823529,2012-11-20,"ambient"
"R3",0,-4,"DSC_0334.JPG",0.411966164160946,0.602527573529412,2012-11-20,"ambient"
"R3",4,-4,"DSC_0416.JPG",0.457134785584549,0.357975183823529,2013-03-22,"ambient"
"R3",4,4,"DSC_0046.JPG",0.34768929374624,0.597960477941176,2013-06-27,"ambient"
"R3",4,8,"DSC_0047.JPG",0.421113848607635,0.394722426470588,2013-06-27,"ambient"
"R3",-4,0,"DSC_0404.JPG",0.400476474276844,0.702313419117647,2012-10-20,"ambient"
"R3",-4,4,"DSC_0405.JPG",0.40224551160248,0.637319852941176,2012-10-20,"ambient"
"R3",-8,0,"DSC_0269.JPG",0.486365079444686,0.556704044117647,2013-01-21,"ambient"
"R3",-8,-4,"DSC_0270.JPG",0.496544808209861,0.473594669117647,2013-01-21,"ambient"
"R3",8,0,"DSC_0324.JPG",0.388349118353133,0.588985294117647,2012-11-20,"ambient"
"R3",8,-4,"DSC_0326.JPG",0.432125621626701,0.304681985294118,2012-11-20,"ambient"
"R3",-8,0,"DSC_0037.JPG",0.37344109037175,0.568086397058824,2013-05-22,"ambient"
"R3",-8,-4,"DSC_0038.JPG",0.425850555828238,0.490176470588235,2013-05-22,"ambient"
"R3",0,-4,"DSC_0454.JPG",0.356208384696261,0.687544117647059,2013-10-22,"ambient"
"R3",0,-8,"DSC_0455.JPG",0.404054466007959,0.644466911764706,2013-10-22,"ambient"
"R3",-4,0,"DSC_0241.JPG",0.382201086717722,0.608084558823529,2013-08-08,"ambient"
"R3",0,12,"DSC_0401.JPG",0.365851929227642,0.590980698529412,2012-10-20,"ambient"
"R3",-4,-8,"DSC_0402.JPG",0.413634682036622,0.499089154411765,2012-10-20,"ambient"
"R3",0,8,"DSC_0048.JPG",0.383114251705804,0.660004595588235,2013-06-27,"ambient"
"R3",0,4,"DSC_0049.JPG",0.407983828726176,0.472338235294118,2013-06-27,"ambient"
"R3",0,8,"DSC_0420.JPG",0.434265054814287,0.588454963235294,2013-03-22,"ambient"
"R3",8,4,"DSC_0325.JPG",0.398151670112999,0.664915441176471,2012-11-20,"ambient"
"R3",0,-8,"DSC_0051.JPG",0.362430137938802,0.565739889705882,2013-06-27,"ambient"
"R3",-4,-8,"DSC_0052.JPG",0.382618604154778,0.530411764705882,2013-06-27,"ambient"
"R3",4,-4,"DSC_0255.JPG",0.496574865246565,0.400376838235294,2013-01-21,"ambient"
"R3",4,0,"DSC_0256.JPG",0.487428274506812,0.487409007352941,2013-01-21,"ambient"
"R3",4,4,"DSC_0257.JPG",0.494601665690711,0.558835477941176,2013-01-21,"ambient"
"R3",-12,0,"DSC_0413.JPG",0.37437624909188,0.463511029411765,2012-10-20,"ambient"
"R3",0,8,"DSC_0259.JPG",0.457294760027014,0.657013786764706,2013-01-21,"ambient"
"R3",0,4,"DSC_0260.JPG",0.499208105566623,0.504751838235294,2013-01-21,"ambient"
"R3",4,0,"DSC_0417.JPG",0.410336231280269,0.417113970588235,2013-03-22,"ambient"
"R3",-4,-4,"DSC_0403.JPG",0.483798511572229,0.626829963235294,2012-10-20,"ambient"
"R3",4,8,"DSC_0419.JPG",0.389061666202761,0.380315257352941,2013-03-22,"ambient"
"R3",-4,-8,"DSC_0263.JPG",0.4641948238693,0.575502757352941,2013-01-21,"ambient"
"R3",0,-4,"DSC_0050.JPG",0.376970116303167,0.5813125,2013-06-27,"ambient"
"R3",10.5,0,"DSC_0322.JPG",0.400870620993622,0.559827205882353,2012-11-20,"ambient"
"R3",10.5,0,"DSC_0250.JPG",0.495368312733732,0.531893382352941,2013-01-21,"ambient"
"R3",-4,-4,"DSC_0053.JPG",0.378531232935318,0.560649816176471,2013-06-27,"ambient"
"R3",-4,0,"DSC_0054.JPG",0.420800594157898,0.617215073529412,2013-06-27,"ambient"
"R3",-4,4,"DSC_0055.JPG",0.384375754264359,0.519611213235294,2013-06-27,"ambient"
"R3",4,8,"DSC_0258.JPG",0.47218514312776,0.363511029411765,2013-01-21,"ambient"
"R3",-4,-8,"DSC_0239.JPG",0.402979149288187,0.572467830882353,2013-08-08,"ambient"
"R3",-4,-4,"DSC_0240.JPG",0.39232201888011,0.573090992647059,2013-08-08,"ambient"
"R3",8,8,"DSC_0389.JPG",0.38080339158453,0.659014705882353,2012-10-20,"ambient"
"R3",4,4,"DSC_0418.JPG",0.392354721856791,0.568607536764706,2013-03-22,"ambient"
"R3",0,-8,"DSC_0262.JPG",0.453200092809826,0.594481617647059,2013-01-21,"ambient"
"R3",4,-8,"DSC_0415.JPG",0.425922514474463,0.222727941176471,2013-03-22,"ambient"
"R3",0,4,"DSC_0028.JPG",0.416536942724203,0.448165441176471,2013-05-22,"ambient"
"R3",0,4,"DSC_0421.JPG",0.409588513031947,0.403290441176471,2013-03-22,"ambient"
"R3",0,-4,"DSC_0422.JPG",0.373749407855515,0.600543198529412,2013-03-22,"ambient"
"R3",8,4,"DSC_0251.JPG",0.462783678427215,0.646032169117647,2013-01-21,"ambient"
"R3",4,-8,"DSC_0327.JPG",0.36892139165219,0.567742647058823,2012-11-20,"ambient"
"R3",4,-4,"DSC_0328.JPG",0.385690808766658,0.430375,2012-11-20,"ambient"
"R3",0,-8,"DSC_0238.JPG",0.424118214610418,0.555642463235294,2013-08-08,"ambient"
"R3",8,0,"DSC_0387.JPG",0.373116977282386,0.618210477941176,2012-10-20,"ambient"
"R3",8,4,"DSC_0388.JPG",0.393941103941582,0.681471507352941,2012-10-20,"ambient"
"R3",0,4,"DSC_0453.JPG",0.432473220802623,0.592186580882353,2013-10-22,"ambient"
"R3",0,-4,"DSC_0261.JPG",0.432124037613727,0.650215073529412,2013-01-21,"ambient"
"R3",8,-4,"DSC_0414.JPG",0.389200394480644,0.460746323529412,2013-03-22,"ambient"
"R3",4,-8,"DSC_0020.JPG",0.417284736868618,0.235910845588235,2013-05-22,"ambient"
"R3",10.5,0,"DSC_0226.JPG",0.410163210771883,0.542084558823529,2013-08-08,"ambient"
"R3",8,4,"DSC_0227.JPG",0.40014597734323,0.644452205882353,2013-08-08,"ambient"
"R3",0,-4,"DSC_0029.JPG",0.395282471186166,0.594390625,2013-05-22,"ambient"
"R3",0,-8,"DSC_0423.JPG",0.432515640841417,0.533472426470588,2013-03-22,"ambient"
"R3",-4,-8,"DSC_0424.JPG",0.421821790257453,0.521764705882353,2013-03-22,"ambient"
"R3",0,8,"DSC_0235.JPG",0.404805916976855,0.647389705882353,2013-08-08,"ambient"
"R3",8,-4,"DSC_0386.JPG",0.359200106477292,0.727942095588235,2012-10-20,"ambient"
"R3",0,-4,"DSC_0237.JPG",0.428772617505639,0.591608455882353,2013-08-08,"ambient"
"R3",0,8,"DSC_0452.JPG",0.413052847436226,0.709079044117647,2013-10-22,"ambient"
"R3",8,4,"DSC_0412.JPG",0.349356391742608,0.604254595588235,2013-03-22,"ambient"
"R3",8,0,"DSC_0413.JPG",0.338661785273441,0.489346507352941,2013-03-22,"ambient"
"R3",8,-4,"DSC_0018.JPG",0.39789442499574,0.450959558823529,2013-05-22,"ambient"
"R3",0,4,"DSC_0399.JPG",0.382834093842273,0.647065257352941,2012-10-20,"ambient"
"R3",4,-8,"DSC_0390.JPG",0.390533159113181,0.429349264705882,2012-10-20,"ambient"
"R3",4,-4,"DSC_0391.JPG",0.365729312500123,0.608169117647059,2012-10-20,"ambient"
"R3",4,0,"DSC_0392.JPG",0.355038461332373,0.570262867647059,2012-10-20,"ambient"
"R3",0,-8,"DSC_0030.JPG",0.352095851828933,0.561441176470588,2013-05-22,"ambient"
"R3",-4,-8,"DSC_0031.JPG",0.37917286416495,0.501053308823529,2013-05-22,"ambient"
"R3",8,0,"DSC_0252.JPG",0.485022944931522,0.524230698529412,2013-01-21,"ambient"
"R3",0,4,"DSC_0236.JPG",0.448981497259605,0.472066176470588,2013-08-08,"ambient"
"R3",4,0,"DSC_0329.JPG",0.463861757281761,0.393520220588235,2012-11-20,"ambient"
"R3",4,4,"DSC_0330.JPG",0.419817481376047,0.258897977941176,2012-11-20,"ambient"
"R3",4,8,"DSC_0451.JPG",0.435305148631499,0.446321691176471,2013-10-22,"ambient"
"R3",0,8,"DSC_0400.JPG",0.394092676209122,0.614717830882353,2012-10-20,"ambient"
"R3",4,-4,"DSC_0448.JPG",0.460988597952526,0.407142463235294,2013-10-22,"ambient"
"R3",8,0,"DSC_0228.JPG",0.420589038578101,0.5075625,2013-08-08,"ambient"
"R3",8,-4,"DSC_0229.JPG",0.428782682976722,0.468777573529412,2013-08-08,"ambient"
"R3",4,-4,"DSC_0023.JPG",0.413558102703592,0.473477022058824,2013-05-22,"ambient"
"R3",4,0,"DSC_0024.JPG",0.419814796302711,0.448705882352941,2013-05-22,"ambient"
"R3",-4,4,"DSC_0034.JPG",0.431545016115317,0.531393382352941,2013-05-22,"ambient"
"R3",4,4,"DSC_0450.JPG",0.397380392911148,0.638081801470588,2013-10-22,"ambient"
"R3",-4,-4,"DSC_0032.JPG",0.375254826262168,0.558431985294118,2013-05-22,"ambient"
"R3",8,-4,"DSC_0253.JPG",0.481083726017395,0.520409007352941,2013-01-21,"ambient"
"R3",0,0,"DSC_0398.JPG",0.521014168400113,0.289273897058824,2012-10-20,"ambient"
"R3",4,4,"DSC_0025.JPG",0.378672843615277,0.572492647058824,2013-05-22,"ambient"
"R3",8,4,"DSC_0014.JPG",0.392350105114384,0.629727022058824,2013-05-22,"ambient"
"R3",8,0,"DSC_0016.JPG",0.412766699999382,0.498805147058824,2013-05-22,"ambient"
"R3",-4,0,"DSC_0033.JPG",0.378069063125597,0.598348345588235,2013-05-22,"ambient"
"R3",4,0,"DSC_0232.JPG",0.433663178011549,0.494727941176471,2013-08-08,"ambient"
"R3",4,8,"DSC_0026.JPG",0.409923745169708,0.375455882352941,2013-05-22,"ambient"
"R3",4,-8,"DSC_0230.JPG",0.421972416253814,0.252142463235294,2013-08-08,"ambient"
"R3",4,0,"DSC_0449.JPG",0.408521596635597,0.565012867647059,2013-10-22,"ambient"
"R3",4,-4,"DSC_0231.JPG",0.413809046843397,0.382476102941176,2013-08-08,"ambient"
"R3",10.5,0,"DSC_0013.JPG",0.41301031460172,0.529897058823529,2013-05-22,"ambient"
"R3",4,8,"DSC_0234.JPG",0.422343402799676,0.396753676470588,2013-08-08,"ambient"
"R3",0,8,"DSC_0027.JPG",0.437117024042312,0.653553308823529,2013-05-22,"ambient"
"R3",4,-8,"DSC_0447.JPG",0.421033389103828,0.295323529411765,2013-10-22,"ambient"
"R3",8,4,"DSC_0444.JPG",0.445547584494663,0.711120404411765,2013-10-22,"ambient"
"R3",4,4,"DSC_0233.JPG",0.390648536993359,0.599851102941176,2013-08-08,"ambient"
"R3",8,-4,"DSC_0446.JPG",0.406041244781161,0.534288602941176,2013-10-22,"ambient"
"R3",0,-8,"DSC_0396.JPG",0.409064208085862,0.659745404411765,2012-10-20,"ambient"
"R3",10.5,0,"DSC_0443.JPG",0.436818814120752,0.588265625,2013-10-22,"ambient"
"R3",4,8,"DSC_0394.JPG",0.431387673277719,0.344450367647059,2012-10-20,"ambient"
"R3",8,0,"DSC_0445.JPG",0.44921217870656,0.596412683823529,2013-10-22,"ambient"
"R3",0,-12,"DSC_0395.JPG",0.380772389986441,0.7248125,2012-10-20,"ambient"
"R3",0,-4,"DSC_0397.JPG",0.366173982388132,0.561973345588235,2012-10-20,"ambient"
"R3",4,4,"DSC_0393.JPG",0.38526490915992,0.402414522058824,2012-10-20,"ambient"
"R4",0,8,"DSC_0307.JPG",0.480684022502407,0.482393382352941,2013-02-21,"elevated"
"R4",-4,8,"DSC_0308.JPG",0.484541809302294,0.426445772058824,2013-02-21,"elevated"
"R4",0,4,"DSC_0306.JPG",0.42484491351088,0.496472426470588,2013-02-21,"elevated"
"R4",-4,4,"DSC_0309.JPG",0.426235098634414,0.582614889705882,2013-02-21,"elevated"
"R4",-4,0,"DSC_0310.JPG",0.45599332687137,0.730634191176471,2013-02-21,"elevated"
"R4",0,-4,"DSC_0305.JPG",0.457309356635285,0.516565257352941,2013-02-21,"elevated"
"R4",4,-8,"DSC_0303.JPG",0.461541189910396,0.562024816176471,2013-02-21,"elevated"
"R4",0,8,"DSC_0369.JPG",0.411938043147656,0.565379595588235,2012-11-20,"elevated"
"R4",-4,0,"DSC_0372.JPG",0.390545335368897,0.585931985294118,2012-11-20,"elevated"
"R4",0,-8,"DSC_0304.JPG",0.412922488623389,0.455140625,2013-02-21,"elevated"
"R4",-4,-8,"DSC_0374.JPG",0.397589182683878,0.596601102941177,2012-11-20,"elevated"
"R4",-4,-4,"DSC_0311.JPG",0.40572728587883,0.547190257352941,2013-02-21,"elevated"
"R4",8,0,"DSC_0063.JPG",0.383227432986661,0.551689338235294,2013-06-27,"elevated"
"R4",-4,-4,"DSC_0373.JPG",0.369058084247501,0.584895220588235,2012-11-20,"elevated"
"R4",4,-4,"DSC_0302.JPG",0.475660424100714,0.472279411764706,2013-02-21,"elevated"
"R4",-8,0,"DSC_0081.JPG",0.377081723579181,0.64565625,2013-06-27,"elevated"
"R4",-4,0,"DSC_0200.JPG",0.499124793802235,0.622932904411765,2013-01-21,"elevated"
"R4",-4,8,"DSC_0370.JPG",0.428518492590544,0.563732536764706,2012-11-20,"elevated"
"R4",-4,4,"DSC_0371.JPG",0.400457782302102,0.643265625,2012-11-20,"elevated"
"R4",-4,4,"DSC_0199.JPG",0.440419012271073,0.361556985294118,2013-01-21,"elevated"
"R4",8,-4,"DSC_0062.JPG",0.367084887617595,0.538220588235294,2013-06-27,"elevated"
"R4",-4,-8,"DSC_0312.JPG",0.468204213205269,0.500800551470588,2013-02-21,"elevated"
"R4",8,4,"DSC_0064.JPG",0.452075987215448,0.556761029411765,2013-06-27,"elevated"
"R4",-8,-4,"DSC_0080.JPG",0.390889970814123,0.641237132352941,2013-06-27,"elevated"
"R4",4,4,"DSC_0066.JPG",0.429005140986999,0.528460477941176,2013-06-27,"elevated"
"R4",-8,-4,"DSC_0454.JPG",0.369600313454909,0.572933823529412,2013-03-22,"elevated"
"R4",0,4,"DSC_0445.JPG",0.409795558542115,0.473817095588235,2013-03-22,"elevated"
"R4",4,8,"DSC_0065.JPG",0.39480143818379,0.611188419117647,2013-06-27,"elevated"
"R4",-8,0,"DSC_0314.JPG",0.428968161083346,0.577870404411765,2013-02-21,"elevated"
"R4",4,0,"DSC_0067.JPG",0.412539373178072,0.469431985294118,2013-06-27,"elevated"
"R4",-4,-8,"DSC_0079.JPG",0.429505293418081,0.455689338235294,2013-06-27,"elevated"
"R4",4,0,"DSC_0301.JPG",0.460346599738592,0.482663602941176,2013-02-21,"elevated"
"R4",10.5,0,"DSC_0061.JPG",0.41422526904158,0.558017463235294,2013-06-27,"elevated"
"R4",-4,-8,"DSC_0453.JPG",0.440466534183737,0.472245404411765,2013-03-22,"elevated"
"R4",4,-4,"DSC_0364.JPG",0.412439902837871,0.492768382352941,2012-11-20,"elevated"
"R4",-8,4,"DSC_0082.JPG",0.471882658434252,0.504506433823529,2013-06-27,"elevated"
"R4",-4,-4,"DSC_0287.JPG",0.419879711100243,0.611516544117647,2013-08-08,"elevated"
"R4",-4,-8,"DSC_0288.JPG",0.420857441926283,0.504973345588235,2013-08-08,"elevated"
"R4",-8,-4,"DSC_0289.JPG",0.385166121820606,0.638339154411765,2013-08-08,"elevated"
"R4",4,-4,"DSC_0068.JPG",0.406873058006915,0.533068933823529,2013-06-27,"elevated"
"R4",0,8,"DSC_0446.JPG",0.36488965300253,0.46228125,2013-03-22,"elevated"
"R4",-8,-4,"DSC_0313.JPG",0.421780874568609,0.602372242647059,2013-02-21,"elevated"
"R4",-8,4,"DSC_0315.JPG",0.40105435927419,0.543846507352941,2013-02-21,"elevated"
"R4",4,4,"DSC_0300.JPG",0.453453911605372,0.414509191176471,2013-02-21,"elevated"
"R4",-4,-4,"DSC_0452.JPG",0.35917259410845,0.514654411764706,2013-03-22,"elevated"
"R4",-4,-8,"DSC_0992.JPG",0.4476250550774,0.476952205882353,2013-05-22,"elevated"
"R4",8,4,"DSC_0298.JPG",0.47584922471463,0.577619485294118,2013-02-21,"elevated"
"R4",-8,-4,"DSC_0993.JPG",0.404371323805266,0.657754595588235,2013-05-22,"elevated"
"R4",4,-8,"DSC_0365.JPG",0.417822626314426,0.611480698529412,2012-11-20,"elevated"
"R4",0,-8,"DSC_0366.JPG",0.398968258999409,0.533023897058824,2012-11-20,"elevated"
"R4",0,-4,"DSC_0367.JPG",0.4062064522599,0.479909926470588,2012-11-20,"elevated"
"R4",0,4,"DSC_0368.JPG",0.437968749283036,0.490474264705882,2012-11-20,"elevated"
"R4",4,4,"DSC_0439.JPG",0.412119454272155,0.436079044117647,2013-03-22,"elevated"
"R4",-4,-4,"DSC_0201.JPG",0.466905687311943,0.744063419117647,2013-01-21,"elevated"
"R4",-4,-8,"DSC_0202.JPG",0.449902690587028,0.585822610294118,2013-01-21,"elevated"
"R4",-4,4,"DSC_0450.JPG",0.369068217529545,0.589845588235294,2013-03-22,"elevated"
"R4",-4,0,"DSC_0451.JPG",0.390673870883241,0.673453125,2013-03-22,"elevated"
"R4",4,8,"DSC_0299.JPG",0.429417563964124,0.546606617647059,2013-02-21,"elevated"
"R4",8,0,"DSC_0297.JPG",0.460357571500625,0.471600183823529,2013-02-21,"elevated"
"R4",-4,8,"DSC_0075.JPG",0.441344296544935,0.310722426470588,2013-06-27,"elevated"
"R4",4,8,"DSC_0189.JPG",0.417543267240884,0.600341911764706,2013-01-21,"elevated"
"R4",-8,0,"DSC_0994.JPG",0.392735586914015,0.576372242647059,2013-05-22,"elevated"
"R4",-8,0,"DSC_0455.JPG",0.345644698929817,0.582193014705882,2013-03-22,"elevated"
"R4",-4,0,"DSC_0286.JPG",0.371212228525205,0.746793198529412,2013-08-08,"elevated"
"R4",-4,8,"DSC_0411.JPG",0.488467276562178,0.366068933823529,2013-10-22,"elevated"
"R4",-4,4,"DSC_0412.JPG",0.453665655808401,0.709115808823529,2013-10-22,"elevated"
"R4",4,0,"DSC_0440.JPG",0.397218764239896,0.460796875,2013-03-22,"elevated"
"R4",4,-8,"DSC_0069.JPG",0.400220249684558,0.59225,2013-06-27,"elevated"
"R4",-4,8,"DSC_0447.JPG",0.400142273389192,0.266951286764706,2013-03-22,"elevated"
"R4",-8,0,"DSC_0204.JPG",0.496485514859573,0.600706801470588,2013-01-21,"elevated"
"R4",-8,4,"DSC_0205.JPG",0.464489336161969,0.530964154411765,2013-01-21,"elevated"
"R4",0,8,"DSC_0074.JPG",0.410328006737887,0.479358455882353,2013-06-27,"elevated"
"R4",8,-4,"DSC_0296.JPG",0.398686460822286,0.569254595588235,2013-02-21,"elevated"
"R4",4,-4,"DSC_0278.JPG",0.396730643946472,0.584073529411765,2013-08-08,"elevated"
"R4",4,4,"DSC_0190.JPG",0.412808763475622,0.528555147058824,2013-01-21,"elevated"
"R4",4,0,"DSC_0191.JPG",0.443973698850557,0.398829044117647,2013-01-21,"elevated"
"R4",4,-4,"DSC_0192.JPG",0.419693146156753,0.487153492647059,2013-01-21,"elevated"
"R4",4,-8,"DSC_0193.JPG",0.471907543527552,0.528359375,2013-01-21,"elevated"
"R4",0,-8,"DSC_0194.JPG",0.449097712983947,0.593095588235294,2013-01-21,"elevated"
"R4",-8,0,"DSC_0290.JPG",0.359620252981485,0.580684742647059,2013-08-08,"elevated"
"R4",-4,-8,"DSC_0415.JPG",0.418353151339029,0.603905330882353,2013-10-22,"elevated"
"R4",0,-8,"DSC_0070.JPG",0.405579796972573,0.461977941176471,2013-06-27,"elevated"
"R4",-8,-4,"DSC_0203.JPG",0.46488527764076,0.499601102941176,2013-01-21,"elevated"
"R4",0,4,"DSC_0073.JPG",0.409852903897859,0.496370404411765,2013-06-27,"elevated"
"R4",10.5,0,"DSC_0295.JPG",0.440654125192032,0.571673713235294,2013-02-21,"elevated"
"R4",4,0,"DSC_0277.JPG",0.414034486978734,0.499723345588235,2013-08-08,"elevated"
"R4",0,4,"DSC_0430.JPG",0.441787609079088,0.575390625,2012-10-20,"elevated"
"R4",-4,4,"DSC_0076.JPG",0.41759819470264,0.633381433823529,2013-06-27,"elevated"
"R4",-4,0,"DSC_0077.JPG",0.392926475811494,0.635403492647059,2013-06-27,"elevated"
"R4",0,-4,"DSC_0408.JPG",0.421579288198917,0.584770220588235,2013-10-22,"elevated"
"R4",0,4,"DSC_0409.JPG",0.486780237463478,0.588932904411765,2013-10-22,"elevated"
"R4",0,8,"DSC_0410.JPG",0.355000814139199,0.674168198529412,2013-10-22,"elevated"
"R4",0,-4,"DSC_0195.JPG",0.479713977748621,0.459114889705882,2013-01-21,"elevated"
"R4",0,4,"DSC_0196.JPG",0.453014522547689,0.503430147058823,2013-01-21,"elevated"
"R4",4,-4,"DSC_0441.JPG",0.414570840625343,0.537102022058824,2013-03-22,"elevated"
"R4",4,-8,"DSC_0442.JPG",0.379076469955803,0.636183823529412,2013-03-22,"elevated"
"R4",0,-4,"DSC_0072.JPG",0.398281507388909,0.498444852941176,2013-06-27,"elevated"
"R4",0,-4,"DSC_0444.JPG",0.413128470463979,0.495231617647059,2013-03-22,"elevated"
"R4",0,0,"DSC_0429.JPG",0.448223640449948,0.360731617647059,2012-10-20,"elevated"
"R4",8,0,"DSC_0359.JPG",0.408344428659391,0.511170955882353,2012-11-20,"elevated"
"R4",8,4,"DSC_0360.JPG",0.414564845378954,0.572141544117647,2012-11-20,"elevated"
"R4",4,8,"DSC_0361.JPG",0.365179498891411,0.561524816176471,2012-11-20,"elevated"
"R4",4,4,"DSC_0362.JPG",0.402197542191194,0.491139705882353,2012-11-20,"elevated"
"R4",4,0,"DSC_0363.JPG",0.425960773232247,0.492784926470588,2012-11-20,"elevated"
"R4",10.5,0,"DSC_0434.JPG",0.392372233055634,0.597363970588235,2013-03-22,"elevated"
"R4",-4,4,"DSC_0285.JPG",0.422142157797239,0.654664522058824,2013-08-08,"elevated"
"R4",-4,0,"DSC_0413.JPG",0.444693780014669,0.802707720588235,2013-10-22,"elevated"
"R4",-4,-4,"DSC_0414.JPG",0.491669627283348,0.675526654411765,2013-10-22,"elevated"
"R4",-8,-4,"DSC_0416.JPG",0.451743662053098,0.706884191176471,2013-10-22,"elevated"
"R4",-8,0,"DSC_0417.JPG",0.457471728633073,0.600167279411765,2013-10-22,"elevated"
"R4",0,-4,"DSC_0428.JPG",0.35937068268502,0.535762867647059,2012-10-20,"elevated"
"R4",8,-4,"DSC_0358.JPG",0.384916925449019,0.556852022058824,2012-11-20,"elevated"
"R4",0,8,"DSC_0987.JPG",0.3945343157178,0.454335477941176,2013-05-22,"elevated"
"R4",-4,8,"DSC_0988.JPG",0.479487980170938,0.388603860294118,2013-05-22,"elevated"
"R4",4,-8,"DSC_0279.JPG",0.411850499896229,0.607741727941176,2013-08-08,"elevated"
"R4",0,-8,"DSC_0280.JPG",0.43300662834873,0.460139705882353,2013-08-08,"elevated"
"R4",-4,-4,"DSC_0078.JPG",0.359218369832087,0.555630514705882,2013-06-27,"elevated"
"R4",0,8,"DSC_0283.JPG",0.33784890507988,0.535876838235294,2013-08-08,"elevated"
"R4",8,-4,"DSC_0435.JPG",0.350381238216586,0.487521139705882,2013-03-22,"elevated"
"R4",8,0,"DSC_0436.JPG",0.380546467037529,0.493311580882353,2013-03-22,"elevated"
"R4",8,4,"DSC_0437.JPG",0.436998468381115,0.513040441176471,2013-03-22,"elevated"
"R4",0,8,"DSC_0197.JPG",0.499936646285968,0.522114889705882,2013-01-21,"elevated"
"R4",-4,8,"DSC_0198.JPG",0.432438546616305,0.528463235294118,2013-01-21,"elevated"
"R4",0,-8,"DSC_0443.JPG",0.409550525505639,0.417196691176471,2013-03-22,"elevated"
"R4",0,4,"DSC_0986.JPG",0.468031389708962,0.500584558823529,2013-05-22,"elevated"
"R4",-12,0,"DSC_0443.JPG",0.436524090914962,0.508195772058823,2012-10-20,"elevated"
"R4",10.5,0,"DSC_0185.JPG",0.42919819677266,0.560810661764706,2013-01-21,"elevated"
"R4",0,8,"DSC_0431.JPG",0.370977744810321,0.645650735294118,2012-10-20,"elevated"
"R4",0,12,"DSC_0432.JPG",0.349238794203082,0.563255514705882,2012-10-20,"elevated"
"R4",-4,-8,"DSC_0433.JPG",0.414139875835647,0.536885110294118,2012-10-20,"elevated"
"R4",-4,-4,"DSC_0434.JPG",0.428658456602471,0.701239889705882,2012-10-20,"elevated"
"R4",-4,8,"DSC_0284.JPG",0.491294988496876,0.315163602941176,2013-08-08,"elevated"
"R4",4,0,"DSC_0423.JPG",0.394318501816136,0.614975183823529,2012-10-20,"elevated"
"R4",4,4,"DSC_0424.JPG",0.385172810682242,0.464272977941176,2012-10-20,"elevated"
"R4",4,8,"DSC_0425.JPG",0.410894924093914,0.553621323529412,2012-10-20,"elevated"
"R4",0,-12,"DSC_0426.JPG",0.413110720973569,0.3676875,2012-10-20,"elevated"
"R4",0,-8,"DSC_0427.JPG",0.39769914240572,0.513841911764706,2012-10-20,"elevated"
"R4",0,-4,"DSC_0985.JPG",0.439598227729994,0.551303308823529,2013-05-22,"elevated"
"R4",8,0,"DSC_0272.JPG",0.428388457597511,0.532895220588235,2013-08-08,"elevated"
"R4",8,4,"DSC_0273.JPG",0.449851270338047,0.598818933823529,2013-08-08,"elevated"
"R4",8,-4,"DSC_0186.JPG",0.420811490792448,0.459365808823529,2013-01-21,"elevated"
"R4",8,0,"DSC_0187.JPG",0.402278703241267,0.589278492647059,2013-01-21,"elevated"
"R4",8,4,"DSC_0188.JPG",0.436299231747987,0.481603860294118,2013-01-21,"elevated"
"R4",10.5,0,"DSC_0975.JPG",0.429115224634971,0.557647058823529,2013-05-22,"elevated"
"R4",8,-4,"DSC_0976.JPG",0.390112469483677,0.576891544117647,2013-05-22,"elevated"
"R4",8,0,"DSC_0977.JPG",0.441311872672359,0.556901654411765,2013-05-22,"elevated"
"R4",8,4,"DSC_0978.JPG",0.437251767329457,0.555358455882353,2013-05-22,"elevated"
"R4",4,8,"DSC_0979.JPG",0.380705191126541,0.572315257352941,2013-05-22,"elevated"
"R4",4,8,"DSC_0438.JPG",0.393990983505735,0.564946691176471,2013-03-22,"elevated"
"R4",10.5,0,"DSC_0270.JPG",0.425188572992293,0.564335477941176,2013-08-08,"elevated"
"R4",-8,0,"DSC_0440.JPG",0.399002484019559,0.503943014705882,2012-10-20,"elevated"
"R4",-8,4,"DSC_0441.JPG",0.398802174620663,0.389808823529412,2012-10-20,"elevated"
"R4",-8,8,"DSC_0442.JPG",0.420208040370635,0.506714154411765,2012-10-20,"elevated"
"R4",4,8,"DSC_0275.JPG",0.371011153019438,0.594817095588235,2013-08-08,"elevated"
"R4",-4,4,"DSC_0989.JPG",0.370240283856383,0.623766544117647,2013-05-22,"elevated"
"R4",-4,0,"DSC_0990.JPG",0.417517514332294,0.710015625,2013-05-22,"elevated"
"R4",0,-4,"DSC_0281.JPG",0.400722872987135,0.544814338235294,2013-08-08,"elevated"
"R4",0,4,"DSC_0282.JPG",0.453024108165614,0.523405330882353,2013-08-08,"elevated"
"R4",0,-8,"DSC_0407.JPG",0.461015825748301,0.510931066176471,2013-10-22,"elevated"
"R4",-4,4,"DSC_0436.JPG",0.381596238634306,0.592318933823529,2012-10-20,"elevated"
"R4",-4,8,"DSC_0437.JPG",0.460294991097748,0.348505514705882,2012-10-20,"elevated"
"R4",-8,-8,"DSC_0438.JPG",0.475266840700649,0.602019301470588,2012-10-20,"elevated"
"R4",-8,-4,"DSC_0439.JPG",0.421319681097905,0.636603860294118,2012-10-20,"elevated"
"R4",4,0,"DSC_0981.JPG",0.40990215109184,0.485157169117647,2013-05-22,"elevated"
"R4",8,-4,"DSC_0271.JPG",0.428111284342372,0.613299632352941,2013-08-08,"elevated"
"R4",4,-8,"DSC_0983.JPG",0.43315160789252,0.598334558823529,2013-05-22,"elevated"
"R4",10.5,0,"DSC_0345.JPG",0.366506103408176,0.600359375,2012-11-20,"elevated"
"R4",10.5,0,"DSC_0398.JPG",0.443270001772675,0.641991727941176,2013-10-22,"elevated"
"R4",4,4,"DSC_0276.JPG",0.411924623686268,0.504651654411765,2013-08-08,"elevated"
"R4",8,4,"DSC_0401.JPG",0.430454156298263,0.641408088235294,2013-10-22,"elevated"
"R4",-4,-4,"DSC_0991.JPG",0.359011218618101,0.549798713235294,2013-05-22,"elevated"
"R4",-4,0,"DSC_0435.JPG",0.373645008411019,0.790760110294118,2012-10-20,"elevated"
"R4",4,-8,"DSC_0406.JPG",0.488303625347392,0.675408088235294,2013-10-22,"elevated"
"R4",4,0,"DSC_0404.JPG",0.443469558316035,0.553847426470588,2013-10-22,"elevated"
"R4",4,-4,"DSC_0422.JPG",0.369248695604563,0.570046875,2012-10-20,"elevated"
"R4",4,4,"DSC_0980.JPG",0.444607439266277,0.600127757352941,2013-05-22,"elevated"
"R4",8,-8,"DSC_0416.JPG",0.396862556335166,0.522499080882353,2012-10-20,"elevated"
"R4",8,-4,"DSC_0417.JPG",0.396089388946093,0.677099264705882,2012-10-20,"elevated"
"R4",4,-4,"DSC_0982.JPG",0.416454195515635,0.5545,2013-05-22,"elevated"
"R4",0,-8,"DSC_0984.JPG",0.417055157350772,0.449800551470588,2013-05-22,"elevated"
"R4",4,-4,"DSC_0405.JPG",0.454988793211247,0.690721507352941,2013-10-22,"elevated"
"R4",4,4,"DSC_0403.JPG",0.468570638300165,0.472632352941176,2013-10-22,"elevated"
"R4",8,-4,"DSC_0399.JPG",0.413906493623302,0.658361213235294,2013-10-22,"elevated"
"R4",8,0,"DSC_0400.JPG",0.385805463484496,0.606519301470588,2013-10-22,"elevated"
"R4",12,0,"DSC_0415.JPG",0.357213163329763,0.615690257352941,2012-10-20,"elevated"
"R4",4,8,"DSC_0402.JPG",0.402091084203344,0.669483455882353,2013-10-22,"elevated"
"R4",4,-8,"DSC_0421.JPG",0.358030565512463,0.683630514705882,2012-10-20,"elevated"
"R4",8,0,"DSC_0418.JPG",0.412878654066081,0.577103860294118,2012-10-20,"elevated"
"R4",8,8,"DSC_0420.JPG",0.334936016670555,0.738472426470588,2012-10-20,"elevated"
"R4",8,4,"DSC_0419.JPG",0.409663733498997,0.655355698529412,2012-10-20,"elevated"
"R5",4,0,"DSC_0323.JPG",0.451883358844839,0.552110294117647,2013-02-21,"elevated"
"R5",0,8,"DSC_0329.JPG",0.381922291545266,0.368602022058824,2013-02-21,"elevated"
"R5",-4,8,"DSC_0330.JPG",0.394729850703925,0.379004595588235,2013-02-21,"elevated"
"R5",0,4,"DSC_0328.JPG",0.460441077415608,0.261501838235294,2013-02-21,"elevated"
"R5",0,-8,"DSC_0326.JPG",0.472814711643389,0.510217830882353,2013-02-21,"elevated"
"R5",-4,-4,"DSC_0333.JPG",0.393817842071991,0.390181066176471,2013-02-21,"elevated"
"R5",4,-8,"DSC_0325.JPG",0.404474327722367,0.448840073529412,2013-02-21,"elevated"
"R5",-4,4,"DSC_0331.JPG",0.393661463289383,0.540271139705882,2013-02-21,"elevated"
"R5",0,-4,"DSC_0327.JPG",0.386190884213428,0.640760110294118,2013-02-21,"elevated"
"R5",-12,0,"DSC_0382.JPG",0.373757587730068,0.379314338235294,2012-10-20,"elevated"
"R5",4,-4,"DSC_0361.JPG",0.374544071946103,0.589335477941176,2012-10-20,"elevated"
"R5",4,8,"DSC_0321.JPG",0.439491982681456,0.379944852941176,2013-02-21,"elevated"
"R5",-4,0,"DSC_0332.JPG",0.421844040760589,0.454092830882353,2013-02-21,"elevated"
"R5",-4,4,"DSC_0390.JPG",0.347671278118873,0.598554227941177,2012-11-20,"elevated"
"R5",-4,-8,"DSC_0393.JPG",0.409739520562615,0.563728860294118,2012-11-20,"elevated"
"R5",-8,-4,"DSC_0394.JPG",0.405740721396005,0.404796875,2012-11-20,"elevated"
"R5",4,-4,"DSC_0324.JPG",0.478615229893879,0.480467830882353,2013-02-21,"elevated"
"R5",-8,4,"DSC_0268.JPG",0.429290436826494,0.508663602941177,2013-08-08,"elevated"
"R5",-8,-4,"DSC_0439.JPG",0.476688857905215,0.486850183823529,2013-10-22,"elevated"
"R5",-4,-8,"DSC_0334.JPG",0.420439622026662,0.521998161764706,2013-02-21,"elevated"
"R5",-8,0,"DSC_0267.JPG",0.431453525679101,0.460056066176471,2013-08-08,"elevated"
"R5",-8,8,"DSC_0381.JPG",0.39216339964232,0.448548713235294,2012-10-20,"elevated"
"R5",4,-8,"DSC_0360.JPG",0.411820678176714,0.640976102941176,2012-10-20,"elevated"
"R5",-8,4,"DSC_0380.JPG",0.402512214647848,0.524014705882353,2012-10-20,"elevated"
"R5",-4,-8,"DSC_0102.JPG",0.443926685174503,0.519136948529412,2013-06-27,"elevated"
"R5",-8,-4,"DSC_0103.JPG",0.422189798231199,0.401784007352941,2013-06-27,"elevated"
"R5",-8,0,"DSC_0104.JPG",0.378494378780557,0.490862132352941,2013-06-27,"elevated"
"R5",-4,0,"DSC_0391.JPG",0.428041958647596,0.481238970588235,2012-11-20,"elevated"
"R5",-4,-4,"DSC_0392.JPG",0.389941258176472,0.406500919117647,2012-11-20,"elevated"
"R5",-4,8,"DSC_0220.JPG",0.486770348510158,0.433954044117647,2013-01-21,"elevated"
"R5",-8,0,"DSC_0395.JPG",0.392425942237021,0.531170955882353,2012-11-20,"elevated"
"R5",-8,4,"DSC_0396.JPG",0.41222944833973,0.531243566176471,2012-11-20,"elevated"
"R5",-8,0,"DSC_0440.JPG",0.449114941667287,0.554171875,2013-10-22,"elevated"
"R5",-8,4,"DSC_0441.JPG",0.44392431618763,0.594603860294118,2013-10-22,"elevated"
"R5",8,8,"DSC_0359.JPG",0.421351245764145,0.189565257352941,2012-10-20,"elevated"
"R5",-8,-4,"DSC_0378.JPG",0.386684767126537,0.422226102941176,2012-10-20,"elevated"
"R5",-8,4,"DSC_0337.JPG",0.400329040512717,0.490916360294118,2013-02-21,"elevated"
"R5",-8,0,"DSC_0379.JPG",0.370336492294645,0.611375919117647,2012-10-20,"elevated"
"R5",4,0,"DSC_0362.JPG",0.40190519579897,0.614721507352941,2012-10-20,"elevated"
"R5",4,4,"DSC_0363.JPG",0.327252741859715,0.699602022058823,2012-10-20,"elevated"
"R5",-8,4,"DSC_0105.JPG",0.385119672358914,0.505157169117647,2013-06-27,"elevated"
"R5",-4,-8,"DSC_0265.JPG",0.440899932641259,0.487254595588235,2013-08-08,"elevated"
"R5",-8,-4,"DSC_0266.JPG",0.445796011404535,0.4114375,2013-08-08,"elevated"
"R5",-4,0,"DSC_0436.JPG",0.444505051068764,0.523534007352941,2013-10-22,"elevated"
"R5",-4,-4,"DSC_0437.JPG",0.460332472993471,0.579466911764706,2013-10-22,"elevated"
"R5",0,8,"DSC_0469.JPG",0.413378448309473,0.376067095588235,2013-03-22,"elevated"
"R5",-4,8,"DSC_0470.JPG",0.43378249729982,0.382215073529412,2013-03-22,"elevated"
"R5",-8,-4,"DSC_0335.JPG",0.451407367176655,0.394090073529412,2013-02-21,"elevated"
"R5",-8,0,"DSC_0336.JPG",0.373714083963013,0.444169117647059,2013-02-21,"elevated"
"R5",-8,-8,"DSC_0377.JPG",0.338458230870061,0.621202205882353,2012-10-20,"elevated"
"R5",-4,-4,"DSC_0473.JPG",0.431923632807945,0.444602022058824,2013-03-22,"elevated"
"R5",0,-8,"DSC_0385.JPG",0.44483934862785,0.666881433823529,2012-11-20,"elevated"
"R5",4,4,"DSC_0322.JPG",0.346717936173862,0.334193933823529,2013-02-21,"elevated"
"R5",8,0,"DSC_0087.JPG",0.436043443966564,0.244215992647059,2013-06-27,"elevated"
"R5",8,4,"DSC_0088.JPG",0.415754643920327,0.436365808823529,2013-06-27,"elevated"
"R5",4,8,"DSC_0089.JPG",0.445259940675562,0.446244485294118,2013-06-27,"elevated"
"R5",4,4,"DSC_0090.JPG",0.364729093378904,0.551326286764706,2013-06-27,"elevated"
"R5",-4,4,"DSC_0221.JPG",0.425659338536519,0.582890625,2013-01-21,"elevated"
"R5",-4,-8,"DSC_0438.JPG",0.46929694666585,0.663229779411765,2013-10-22,"elevated"
"R5",8,0,"DSC_0357.JPG",0.449152555959036,0.414243566176471,2012-10-20,"elevated"
"R5",8,4,"DSC_0358.JPG",0.393692401182272,0.57078125,2012-10-20,"elevated"
"R5",-4,4,"DSC_0471.JPG",0.386389776500157,0.572634191176471,2013-03-22,"elevated"
"R5",-4,0,"DSC_0472.JPG",0.423567207715359,0.479659007352941,2013-03-22,"elevated"
"R5",-4,4,"DSC_0375.JPG",0.349686465346584,0.636550551470588,2012-10-20,"elevated"
"R5",-4,-8,"DSC_0474.JPG",0.445504666328315,0.526773897058823,2013-03-22,"elevated"
"R5",-8,-4,"DSC_0475.JPG",0.4181624101409,0.327390625,2013-03-22,"elevated"
"R5",-8,0,"DSC_0476.JPG",0.369737034421875,0.450102022058824,2013-03-22,"elevated"
"R5",-8,4,"DSC_0477.JPG",0.398053024489738,0.466532169117647,2013-03-22,"elevated"
"R5",-4,-4,"DSC_0264.JPG",0.433068082808711,0.516302389705882,2013-08-08,"elevated"
"R5",-4,4,"DSC_0435.JPG",0.410397657907308,0.669837316176471,2013-10-22,"elevated"
"R5",-4,0,"DSC_0263.JPG",0.526706587115792,0.3869375,2013-08-08,"elevated"
"R5",-4,0,"DSC_0222.JPG",0.465144749281023,0.517401654411765,2013-01-21,"elevated"
"R5",-4,-4,"DSC_0223.JPG",0.471796536112,0.366949448529412,2013-01-21,"elevated"
"R5",-4,-8,"DSC_0224.JPG",0.498170788211583,0.495000919117647,2013-01-21,"elevated"
"R5",0,-8,"DSC_0094.JPG",0.484068184481654,0.465514705882353,2013-06-27,"elevated"
"R5",-8,-4,"DSC_0225.JPG",0.468849988938718,0.349574448529412,2013-01-21,"elevated"
"R5",-8,0,"DSC_0226.JPG",0.503811800191665,0.553043198529412,2013-01-21,"elevated"
"R5",8,4,"DSC_0210.JPG",0.48059074421869,0.450260110294118,2013-01-21,"elevated"
"R5",4,8,"DSC_0211.JPG",0.453502169362711,0.438415441176471,2013-01-21,"elevated"
"R5",0,-4,"DSC_0386.JPG",0.406563178229967,0.690659007352941,2012-11-20,"elevated"
"R5",4,8,"DSC_0364.JPG",0.429062612993936,0.545234375,2012-10-20,"elevated"
"R5",0,-12,"DSC_0365.JPG",0.374956368461242,0.497539522058824,2012-10-20,"elevated"
"R5",0,-8,"DSC_0366.JPG",0.338868729131007,0.775738051470588,2012-10-20,"elevated"
"R5",0,-4,"DSC_0367.JPG",0.394898155341504,0.744459558823529,2012-10-20,"elevated"
"R5",8,-8,"DSC_0355.JPG",0.369081174395496,0.665642463235294,2012-10-20,"elevated"
"R5",8,-4,"DSC_0356.JPG",0.405861388484339,0.460691176470588,2012-10-20,"elevated"
"R5",4,-8,"DSC_0093.JPG",0.370578006374425,0.470705882352941,2013-06-27,"elevated"
"R5",0,12,"DSC_0371.JPG",0.468747586460818,0.484306985294118,2012-10-20,"elevated"
"R5",-4,-8,"DSC_0372.JPG",0.397801697540023,0.662601102941176,2012-10-20,"elevated"
"R5",-4,-4,"DSC_0373.JPG",0.365371821198393,0.540755514705882,2012-10-20,"elevated"
"R5",-8,4,"DSC_0227.JPG",0.452071557145421,0.490006433823529,2013-01-21,"elevated"
"R5",-8,-4,"DSC_0009.JPG",0.41306231250213,0.370855698529412,2013-05-22,"elevated"
"R5",-8,0,"DSC_0010.JPG",0.404805271155762,0.442455882352941,2013-05-22,"elevated"
"R5",0,4,"DSC_0387.JPG",0.449662491732357,0.282136948529412,2012-11-20,"elevated"
"R5",0,8,"DSC_0388.JPG",0.42437750956013,0.415074448529412,2012-11-20,"elevated"
"R5",-4,8,"DSC_0389.JPG",0.425728738611601,0.412029411764706,2012-11-20,"elevated"
"R5",4,4,"DSC_0462.JPG",0.445648428671162,0.329234375,2013-03-22,"elevated"
"R5",4,0,"DSC_0091.JPG",0.404082739090623,0.533186580882353,2013-06-27,"elevated"
"R5",4,-4,"DSC_0092.JPG",0.420716639673915,0.449276654411765,2013-06-27,"elevated"
"R5",0,4,"DSC_0369.JPG",0.459817991790285,0.401679227941176,2012-10-20,"elevated"
"R5",4,-8,"DSC_0465.JPG",0.396461395180671,0.399788602941176,2013-03-22,"elevated"
"R5",0,-8,"DSC_0466.JPG",0.429606134175294,0.473170955882353,2013-03-22,"elevated"
"R5",0,-4,"DSC_0095.JPG",0.374329073092472,0.604706801470588,2013-06-27,"elevated"
"R5",-4,0,"DSC_0374.JPG",0.346391767385619,0.602510110294118,2012-10-20,"elevated"
"R5",-4,8,"DSC_0376.JPG",0.325903096834344,0.470674632352941,2012-10-20,"elevated"
"R5",10,0,"DSC_0317.JPG",0.440889305335941,0.325545036764706,2013-02-21,"elevated"
"R5",-8,4,"DSC_0011.JPG",0.417354150423055,0.500565257352941,2013-05-22,"elevated"
"R5",0,4,"DSC_0432.JPG",0.510857924285428,0.370807904411765,2013-10-22,"elevated"
"R5",0,8,"DSC_0433.JPG",0.442163993839618,0.511338235294118,2013-10-22,"elevated"
"R5",-4,8,"DSC_0434.JPG",0.465536139302152,0.531940257352941,2013-10-22,"elevated"
"R5",12,0,"DSC_0354.JPG",0.380791435115377,0.472599264705882,2012-10-20,"elevated"
"R5",0,0,"DSC_0368.JPG",0.352152872254523,0.502211397058824,2012-10-20,"elevated"
"R5",4,-4,"DSC_0464.JPG",0.405481336254716,0.391127757352941,2013-03-22,"elevated"
"R5",0,4,"DSC_0218.JPG",0.503025753361508,0.330826286764706,2013-01-21,"elevated"
"R5",0,8,"DSC_0370.JPG",0.390542928537741,0.537172794117647,2012-10-20,"elevated"
"R5",10,0,"DSC_0376.JPG",0.422472105904192,0.448795955882353,2012-11-20,"elevated"
"R5",0,4,"DSC_0096.JPG",0.561953636182452,0.287415441176471,2013-06-27,"elevated"
"R5",0,8,"DSC_0097.JPG",0.428007748500801,0.355242647058824,2013-06-27,"elevated"
"R5",-4,8,"DSC_0098.JPG",0.417799283559384,0.386659007352941,2013-06-27,"elevated"
"R5",4,4,"DSC_0212.JPG",0.425154974459838,0.397858455882353,2013-01-21,"elevated"
"R5",4,0,"DSC_0213.JPG",0.449066798530805,0.529764705882353,2013-01-21,"elevated"
"R5",4,-4,"DSC_0214.JPG",0.42565485935262,0.517700367647059,2013-01-21,"elevated"
"R5",4,-8,"DSC_0215.JPG",0.436684340013897,0.434905330882353,2013-01-21,"elevated"
"R5",0,-8,"DSC_0216.JPG",0.472911761811883,0.679104779411765,2013-01-21,"elevated"
"R5",4,0,"DSC_0463.JPG",0.417912148974322,0.483550551470588,2013-03-22,"elevated"
"R5",0,-4,"DSC_0217.JPG",0.428238956388722,0.627852022058824,2013-01-21,"elevated"
"R5",8,4,"DSC_0460.JPG",0.421189525280362,0.421505514705882,2013-03-22,"elevated"
"R5",0,8,"DSC_0219.JPG",0.456739023910174,0.387909007352941,2013-01-21,"elevated"
"R5",0,-4,"DSC_0001.JPG",0.42068922130083,0.558663602941176,2013-05-22,"elevated"
"R5",8,-4,"DSC_0377.JPG",0.39020992303059,0.463197610294118,2012-11-20,"elevated"
"R5",8,0,"DSC_0378.JPG",0.409037519534725,0.338579963235294,2012-11-20,"elevated"
"R5",4,8,"DSC_0380.JPG",0.39013215073604,0.505735294117647,2012-11-20,"elevated"
"R5",-4,4,"DSC_0099.JPG",0.351694917171814,0.579286764705882,2013-06-27,"elevated"
"R5",-4,0,"DSC_0100.JPG",0.518933870404678,0.453995404411765,2013-06-27,"elevated"
"R5",-4,-4,"DSC_0101.JPG",0.439751100445998,0.419166360294118,2013-06-27,"elevated"
"R5",-4,8,"DSC_0261.JPG",0.457190300303732,0.398513786764706,2013-08-08,"elevated"
"R5",-4,4,"DSC_0262.JPG",0.384653826484925,0.607367647058824,2013-08-08,"elevated"
"R5",8,-4,"DSC_0086.JPG",0.429098723167956,0.420126838235294,2013-06-27,"elevated"
"R5",8,-4,"DSC_0458.JPG",0.422507050293578,0.392329963235294,2013-03-22,"elevated"
"R5",8,0,"DSC_0998.JPG",0.441766944233862,0.263499080882353,2013-05-22,"elevated"
"R5",4,8,"DSC_0461.JPG",0.424482815701864,0.418357536764706,2013-03-22,"elevated"
"R5",10,0,"DSC_0248.JPG",0.46798631834764,0.376488970588235,2013-08-08,"elevated"
"R5",0,-4,"DSC_0467.JPG",0.420983492504466,0.575864889705882,2013-03-22,"elevated"
"R5",0,4,"DSC_0468.JPG",0.532485760754669,0.229104779411765,2013-03-22,"elevated"
"R5",4,-4,"DSC_0255.JPG",0.436897683081748,0.465063419117647,2013-08-08,"elevated"
"R5",4,4,"DSC_0381.JPG",0.402524527549593,0.446951286764706,2012-11-20,"elevated"
"R5",8,-4,"DSC_0318.JPG",0.429372778101016,0.388392463235294,2013-02-21,"elevated"
"R5",8,0,"DSC_0319.JPG",0.445531719701196,0.265051470588235,2013-02-21,"elevated"
"R5",8,4,"DSC_0320.JPG",0.453231836622216,0.442652573529412,2013-02-21,"elevated"
"R5",10,0,"DSC_0085.JPG",0.481115883792249,0.383575367647059,2013-06-27,"elevated"
"R5",0,-4,"DSC_0431.JPG",0.476149336696364,0.720944852941176,2013-10-22,"elevated"
"R5",0,-8,"DSC_0430.JPG",0.424308788891553,0.664349264705882,2013-10-22,"elevated"
"R5",4,-4,"DSC_0428.JPG",0.45980727318827,0.580012867647059,2013-10-22,"elevated"
"R5",8,0,"DSC_0459.JPG",0.428154155830278,0.265873161764706,2013-03-22,"elevated"
"R5",4,4,"DSC_1001.JPG",0.367562967084213,0.529270220588235,2013-05-22,"elevated"
"R5",8,-4,"DSC_0249.JPG",0.448900164082945,0.432117647058824,2013-08-08,"elevated"
"R5",0,4,"DSC_0002.JPG",0.56797410880789,0.314715992647059,2013-05-22,"elevated"
"R5",0,8,"DSC_0003.JPG",0.389736591637261,0.364304227941176,2013-05-22,"elevated"
"R5",4,-8,"DSC_0256.JPG",0.405148862826104,0.447704044117647,2013-08-08,"elevated"
"R5",0,-8,"DSC_0257.JPG",0.445975482604556,0.482720588235294,2013-08-08,"elevated"
"R5",0,-4,"DSC_0258.JPG",0.44754014528073,0.611850183823529,2013-08-08,"elevated"
"R5",0,4,"DSC_0259.JPG",0.504878885799239,0.355448529411765,2013-08-08,"elevated"
"R5",0,8,"DSC_0260.JPG",0.416054451792863,0.381161764705882,2013-08-08,"elevated"
"R5",10,0,"DSC_0457.JPG",0.435412351349143,0.323697610294118,2013-03-22,"elevated"
"R5",8,-4,"DSC_0997.JPG",0.432951710632205,0.414985294117647,2013-05-22,"elevated"
"R5",4,-4,"DSC_1003.JPG",0.398539332268693,0.433229779411765,2013-05-22,"elevated"
"R5",8,0,"DSC_0250.JPG",0.416676886031383,0.252078125,2013-08-08,"elevated"
"R5",8,4,"DSC_0999.JPG",0.418042335054235,0.458203125,2013-05-22,"elevated"
"R5",4,0,"DSC_1002.JPG",0.389453941473734,0.527272058823529,2013-05-22,"elevated"
"R5",4,0,"DSC_0382.JPG",0.39783828939151,0.552973345588235,2012-11-20,"elevated"
"R5",4,-4,"DSC_0383.JPG",0.409154672399996,0.517043198529412,2012-11-20,"elevated"
"R5",8,4,"DSC_0379.JPG",0.389632580266252,0.513097426470588,2012-11-20,"elevated"
"R5",10,0,"DSC_0207.JPG",0.4681487889161,0.408791360294118,2013-01-21,"elevated"
"R5",4,0,"DSC_0427.JPG",0.463260786359299,0.629080882352941,2013-10-22,"elevated"
"R5",-4,0,"DSC_0006.JPG",0.52481411251891,0.399346507352941,2013-05-22,"elevated"
"R5",4,-8,"DSC_0384.JPG",0.363308665127993,0.496495404411765,2012-11-20,"elevated"
"R5",4,-8,"DSC_0429.JPG",0.491859927008442,0.557488051470588,2013-10-22,"elevated"
"R5",4,8,"DSC_1000.JPG",0.422278194358848,0.451452205882353,2013-05-22,"elevated"
"R5",4,8,"DSC_0252.JPG",0.447545800543992,0.463304227941176,2013-08-08,"elevated"
"R5",-4,-4,"DSC_0007.JPG",0.412846155807063,0.477863970588235,2013-05-22,"elevated"
"R5",-4,8,"DSC_0004.JPG",0.419966746904495,0.380043198529412,2013-05-22,"elevated"
"R5",-4,4,"DSC_0005.JPG",0.361826630475948,0.586921875,2013-05-22,"elevated"
"R5",4,4,"DSC_0426.JPG",0.4809160827568,0.620186580882353,2013-10-22,"elevated"
"R5",4,4,"DSC_0253.JPG",0.397968706867718,0.507756433823529,2013-08-08,"elevated"
"R5",-4,-8,"DSC_0008.JPG",0.421797919434665,0.573393382352941,2013-05-22,"elevated"
"R5",10,0,"DSC_0996.JPG",0.474717136622929,0.389267463235294,2013-05-22,"elevated"
"R5",4,-8,"DSC_1004.JPG",0.381372174695469,0.435865808823529,2013-05-22,"elevated"
"R5",0,-8,"DSC_1005.JPG",0.400968806737074,0.525517463235294,2013-05-22,"elevated"
"R5",8,-4,"DSC_0208.JPG",0.431539291189028,0.393627757352941,2013-01-21,"elevated"
"R5",8,4,"DSC_0251.JPG",0.397157981720783,0.468535845588235,2013-08-08,"elevated"
"R5",4,8,"DSC_0425.JPG",0.435924912162822,0.514196691176471,2013-10-22,"elevated"
"R5",8,4,"DSC_0424.JPG",0.415869495770659,0.592465073529412,2013-10-22,"elevated"
"R5",10,0,"DSC_0420.JPG",0.473541112254469,0.448765625,2013-10-22,"elevated"
"R5",8,0,"DSC_0209.JPG",0.440265120124788,0.268212316176471,2013-01-21,"elevated"
"R5",8,-4,"DSC_0422.JPG",0.443943285153639,0.506977022058824,2013-10-22,"elevated"
"R5",8,0,"DSC_0423.JPG",0.416837222931649,0.397056066176471,2013-10-22,"elevated"
"R5",4,0,"DSC_0254.JPG",0.431656229117171,0.534712316176471,2013-08-08,"elevated"
"R6",-12,0,"DSC_0352.JPG",0.437547586744745,0.316950367647059,2012-10-20,"ambient"
"R6",-8,8,"DSC_0351.JPG",0.400727132993077,0.576790441176471,2012-10-20,"ambient"
"R6",-8,0,"DSC_0349.JPG",0.429405519922034,0.427622242647059,2012-10-20,"ambient"
"R6",-4,4,"DSC_0412.JPG",0.456493436874693,0.276013786764706,2012-11-20,"ambient"
"R6",-8,4,"DSC_0350.JPG",0.420806139563621,0.508667279411765,2012-10-20,"ambient"
"R6",-8,-4,"DSC_0348.JPG",0.389665545660758,0.541640625,2012-10-20,"ambient"
"R6",-8,4,"DSC_0418.JPG",0.459986581773257,0.408216911764706,2012-11-20,"ambient"
"R6",-4,0,"DSC_0243.JPG",0.488393547393601,0.300556985294118,2013-01-21,"ambient"
"R6",-4,-8,"DSC_0415.JPG",0.392343153133774,0.759920955882353,2012-11-20,"ambient"
"R6",-8,0,"DSC_0417.JPG",0.425260705323608,0.428850183823529,2012-11-20,"ambient"
"R6",-4,8,"DSC_0346.JPG",0.39630392053031,0.685647058823529,2012-10-20,"ambient"
"R6",4,8,"DSC_0343.JPG",0.513076111192847,0.492839154411765,2013-02-21,"ambient"
"R6",4,4,"DSC_0344.JPG",0.494282638495073,0.427790441176471,2013-02-21,"ambient"
"R6",-8,-8,"DSC_0347.JPG",0.375383500145653,0.815833639705882,2012-10-20,"ambient"
"R6",-4,4,"DSC_0242.JPG",0.494412293008187,0.403704963235294,2013-01-21,"ambient"
"R6",4,-8,"DSC_0347.JPG",0.516442324132493,0.189822610294118,2013-02-21,"ambient"
"R6",0,-8,"DSC_0348.JPG",0.404893504195355,0.504245404411765,2013-02-21,"ambient"
"R6",-8,-4,"DSC_0416.JPG",0.400436525444119,0.540832720588235,2012-11-20,"ambient"
"R6",-4,4,"DSC_0345.JPG",0.40469026217172,0.583118566176471,2012-10-20,"ambient"
"R6",-4,-8,"DSC_0342.JPG",0.356942397757945,0.733238051470588,2012-10-20,"ambient"
"R6",-4,-8,"DSC_0356.JPG",0.417447269714899,0.587558823529412,2013-02-21,"ambient"
"R6",-4,0,"DSC_0413.JPG",0.365917404007783,0.688953125,2012-11-20,"ambient"
"R6",-4,-4,"DSC_0414.JPG",0.3774196501688,0.623263786764706,2012-11-20,"ambient"
"R6",4,-4,"DSC_0346.JPG",0.413718221640862,0.511081801470588,2013-02-21,"ambient"
"R6",0,8,"DSC_0410.JPG",0.40525044084482,0.489725183823529,2012-11-20,"ambient"
"R6",0,-8,"DSC_0407.JPG",0.384924332360954,0.641857536764706,2012-11-20,"ambient"
"R6",4,0,"DSC_0345.JPG",0.455202070728328,0.482698529411765,2013-02-21,"ambient"
"R6",-4,-8,"DSC_0245.JPG",0.416994524765359,0.684756433823529,2013-01-21,"ambient"
"R6",-8,-4,"DSC_0246.JPG",0.492650212632542,0.540500919117647,2013-01-21,"ambient"
"R6",-4,8,"DSC_0411.JPG",0.409240032631082,0.458540441176471,2012-11-20,"ambient"
"R6",-4,-4,"DSC_0244.JPG",0.49428990342846,0.627635110294118,2013-01-21,"ambient"
"R6",-4,0,"DSC_0344.JPG",0.397859378110166,0.363708639705882,2012-10-20,"ambient"
"R6",-4,-4,"DSC_0355.JPG",0.388310011101705,0.606374080882353,2013-02-21,"ambient"
"R6",0,12,"DSC_0341.JPG",0.434022166725671,0.416034007352941,2012-10-20,"ambient"
"R6",-4,8,"DSC_0498.JPG",0.412104856106053,0.516117647058824,2013-03-22,"ambient"
"R6",0,-4,"DSC_0408.JPG",0.443680148284808,0.356529411764706,2012-11-20,"ambient"
"R6",0,4,"DSC_0409.JPG",0.452737300856559,0.191754595588235,2012-11-20,"ambient"
"R6",-8,0,"DSC_0358.JPG",0.451800862740038,0.325334558823529,2013-02-21,"ambient"
"R6",-8,4,"DSC_0359.JPG",0.406538218761236,0.444477022058824,2013-02-21,"ambient"
"R6",0,-4,"DSC_0349.JPG",0.377396971389891,0.668832720588235,2013-02-21,"ambient"
"R6",0,4,"DSC_0350.JPG",0.401656326352174,0.278471507352941,2013-02-21,"ambient"
"R6",0,8,"DSC_0351.JPG",0.45322402284613,0.173714154411765,2013-02-21,"ambient"
"R6",-8,0,"DSC_0247.JPG",0.453741773260627,0.351513786764706,2013-01-21,"ambient"
"R6",-8,4,"DSC_0248.JPG",0.459693365346265,0.474079044117647,2013-01-21,"ambient"
"R6",-4,-4,"DSC_0343.JPG",0.378172372786172,0.705346507352941,2012-10-20,"ambient"
"R6",0,8,"DSC_0340.JPG",0.413220246575926,0.275924632352941,2012-10-20,"ambient"
"R6",0,8,"DSC_0497.JPG",0.467576853100727,0.193089154411765,2013-03-22,"ambient"
"R6",4,8,"DSC_0232.JPG",0.447761928386216,0.466688419117647,2013-01-21,"ambient"
"R6",-4,4,"DSC_0499.JPG",0.427550127180273,0.346654411764706,2013-03-22,"ambient"
"R6",-8,-4,"DSC_0357.JPG",0.387062288594816,0.472489889705882,2013-02-21,"ambient"
"R6",4,-4,"DSC_0235.JPG",0.452982973758521,0.486051470588235,2013-01-21,"ambient"
"R6",4,-8,"DSC_0236.JPG",0.554696946926372,0.222026654411765,2013-01-21,"ambient"
"R6",4,4,"DSC_0490.JPG",0.444644288821149,0.397777573529412,2013-03-22,"ambient"
"R6",4,0,"DSC_0491.JPG",0.408104214253206,0.501307904411765,2013-03-22,"ambient"
"R6",4,-4,"DSC_0492.JPG",0.437263467700525,0.476097426470588,2013-03-22,"ambient"
"R6",-4,8,"DSC_0352.JPG",0.422136373844505,0.510751838235294,2013-02-21,"ambient"
"R6",-4,4,"DSC_0353.JPG",0.438300973869501,0.375188419117647,2013-02-21,"ambient"
"R6",-4,0,"DSC_0354.JPG",0.453417651408544,0.200270220588235,2013-02-21,"ambient"
"R6",0,4,"DSC_0496.JPG",0.429235000121615,0.282066176470588,2013-03-22,"ambient"
"R6",0,4,"DSC_0339.JPG",0.437548504365482,0.479805147058824,2012-10-20,"ambient"
"R6",-4,8,"DSC_0966.JPG",0.440119748280903,0.420574448529412,2013-05-22,"ambient"
"R6",4,4,"DSC_0233.JPG",0.404507218728086,0.466471507352941,2013-01-21,"ambient"
"R6",4,0,"DSC_0234.JPG",0.414417537248989,0.496309742647059,2013-01-21,"ambient"
"R6",-4,-4,"DSC_0969.JPG",0.464843914295426,0.541829963235294,2013-05-22,"ambient"
"R6",-4,-8,"DSC_0970.JPG",0.349916123412227,0.569088235294118,2013-05-22,"ambient"
"R6",0,-8,"DSC_0237.JPG",0.387225034709622,0.561658088235294,2013-01-21,"ambient"
"R6",0,-4,"DSC_0238.JPG",0.408516876550212,0.655901654411765,2013-01-21,"ambient"
"R6",0,4,"DSC_0239.JPG",0.459800328173863,0.302730698529412,2013-01-21,"ambient"
"R6",4,-8,"DSC_0493.JPG",0.535307906490924,0.169264705882353,2013-03-22,"ambient"
"R6",0,-8,"DSC_0494.JPG",0.388492244398159,0.529545036764706,2013-03-22,"ambient"
"R6",0,-4,"DSC_0495.JPG",0.382673433309302,0.647637867647059,2013-03-22,"ambient"
"R6",0,4,"DSC_0964.JPG",0.425163035327444,0.327579044117647,2013-05-22,"ambient"
"R6",0,8,"DSC_0965.JPG",0.478595602848787,0.228932904411765,2013-05-22,"ambient"
"R6",0,-4,"DSC_0337.JPG",0.357369081466749,0.654794117647059,2012-10-20,"ambient"
"R6",-4,4,"DSC_0967.JPG",0.420995361030057,0.352241727941176,2013-05-22,"ambient"
"R6",-4,0,"DSC_0968.JPG",0.478507487667023,0.2600625,2013-05-22,"ambient"
"R6",8,-4,"DSC_0340.JPG",0.475323911823769,0.485647058823529,2013-02-21,"ambient"
"R6",8,0,"DSC_0341.JPG",0.404751803241292,0.601538602941176,2013-02-21,"ambient"
"R6",-8,-4,"DSC_0971.JPG",0.39872440963833,0.505547794117647,2013-05-22,"ambient"
"R6",-8,0,"DSC_0972.JPG",0.453589275328771,0.393383272058824,2013-05-22,"ambient"
"R6",-8,4,"DSC_0973.JPG",0.429119318136467,0.350333639705882,2013-05-22,"ambient"
"R6",0,8,"DSC_0240.JPG",0.461212026379826,0.199442095588235,2013-01-21,"ambient"
"R6",-4,8,"DSC_0241.JPG",0.496310797780567,0.511888786764706,2013-01-21,"ambient"
"R6",0,-4,"DSC_0963.JPG",0.387352126015981,0.633425551470588,2013-05-22,"ambient"
"R6",4,4,"DSC_0112.JPG",0.449104803387598,0.458601102941176,2013-06-27,"ambient"
"R6",4,0,"DSC_0113.JPG",0.367136860817086,0.560683823529412,2013-06-27,"ambient"
"R6",4,-4,"DSC_0114.JPG",0.407956230262515,0.515233455882353,2013-06-27,"ambient"
"R6",0,0,"DSC_0338.JPG",0.483458787463591,0.224386948529412,2012-10-20,"ambient"
"R6",10.5,0,"DSC_0339.JPG",0.451824179866063,0.609772058823529,2013-02-21,"ambient"
"R6",0,-4,"DSC_0117.JPG",0.409704845550332,0.649033088235294,2013-06-27,"ambient"
"R6",0,4,"DSC_0118.JPG",0.402311113688205,0.336792279411765,2013-06-27,"ambient"
"R6",8,4,"DSC_0342.JPG",0.494545997254798,0.214245404411765,2013-02-21,"ambient"
"R6",10.5,0,"DSC_0107.JPG",0.394680565720257,0.622990808823529,2013-06-27,"ambient"
"R6",8,-4,"DSC_0108.JPG",0.409671172529657,0.538900735294118,2013-06-27,"ambient"
"R6",8,0,"DSC_0109.JPG",0.350673124735134,0.603896139705882,2013-06-27,"ambient"
"R6",8,4,"DSC_0110.JPG",0.47966320516066,0.181649816176471,2013-06-27,"ambient"
"R6",4,8,"DSC_0111.JPG",0.401359212717703,0.329533088235294,2013-06-27,"ambient"
"R6",-8,-4,"DSC_0125.JPG",0.380471347269922,0.491003676470588,2013-06-27,"ambient"
"R6",-8,0,"DSC_0126.JPG",0.480504447092358,0.307200367647059,2013-06-27,"ambient"
"R6",-8,4,"DSC_0127.JPG",0.425310471822689,0.389934742647059,2013-06-27,"ambient"
"R6",4,-8,"DSC_0115.JPG",0.512321540672901,0.184147977941176,2013-06-27,"ambient"
"R6",0,-8,"DSC_0116.JPG",0.390095474145771,0.555068933823529,2013-06-27,"ambient"
"R6",-8,0,"DSC_0321.JPG",0.477379702042696,0.325831801470588,2013-08-08,"ambient"
"R6",-8,4,"DSC_0322.JPG",0.441774475924505,0.371704044117647,2013-08-08,"ambient"
"R6",0,8,"DSC_0119.JPG",0.455125805273429,0.16828125,2013-06-27,"ambient"
"R6",-4,8,"DSC_0120.JPG",0.41212984182224,0.507613051470588,2013-06-27,"ambient"
"R6",-4,4,"DSC_0121.JPG",0.439837744637335,0.381457720588235,2013-06-27,"ambient"
"R6",-4,0,"DSC_0122.JPG",0.449416392902972,0.190483455882353,2013-06-27,"ambient"
"R6",-4,-4,"DSC_0123.JPG",0.387679753330428,0.678496323529412,2013-06-27,"ambient"
"R6",-4,-8,"DSC_0124.JPG",0.378051617842984,0.552480698529412,2013-06-27,"ambient"
"R6",4,4,"DSC_0333.JPG",0.377645645536655,0.596413602941177,2012-10-20,"ambient"
"R6",4,8,"DSC_0334.JPG",0.370268229002673,0.571946691176471,2012-10-20,"ambient"
"R6",0,-12,"DSC_0335.JPG",0.400565317460591,0.664189338235294,2012-10-20,"ambient"
"R6",0,-8,"DSC_0336.JPG",0.370249514011535,0.689180147058824,2012-10-20,"ambient"
"R6",4,8,"DSC_0402.JPG",0.378049047420111,0.434762867647059,2012-11-20,"ambient"
"R6",4,4,"DSC_0403.JPG",0.382684794435214,0.576977022058824,2012-11-20,"ambient"
"R6",4,0,"DSC_0404.JPG",0.404043751886805,0.586402573529412,2012-11-20,"ambient"
"R6",4,-4,"DSC_0405.JPG",0.456006468460249,0.165961397058824,2012-11-20,"ambient"
"R6",4,-8,"DSC_0406.JPG",0.421343683318139,0.641758272058824,2012-11-20,"ambient"
"R6",10.5,0,"DSC_0485.JPG",0.439911866845178,0.618901654411765,2013-03-22,"ambient"
"R6",8,-4,"DSC_0486.JPG",0.428887520884063,0.498820772058824,2013-03-22,"ambient"
"R6",8,0,"DSC_0487.JPG",0.361501977785438,0.654975183823529,2013-03-22,"ambient"
"R6",8,4,"DSC_0488.JPG",0.476793488746408,0.15459375,2013-03-22,"ambient"
"R6",4,8,"DSC_0489.JPG",0.436486869455903,0.458858455882353,2013-03-22,"ambient"
"R6",10.5,0,"DSC_0303.JPG",0.431667012015314,0.680167279411765,2013-08-08,"ambient"
"R6",8,-4,"DSC_0304.JPG",0.40643579505101,0.543340992647059,2013-08-08,"ambient"
"R6",8,0,"DSC_0305.JPG",0.347090867184094,0.668485294117647,2013-08-08,"ambient"
"R6",8,4,"DSC_0306.JPG",0.471574341264703,0.190044117647059,2013-08-08,"ambient"
"R6",4,8,"DSC_0307.JPG",0.451409439720875,0.375584558823529,2013-08-08,"ambient"
"R6",4,4,"DSC_0308.JPG",0.389280820162282,0.530670955882353,2013-08-08,"ambient"
"R6",4,0,"DSC_0309.JPG",0.369340201493071,0.598121323529412,2013-08-08,"ambient"
"R6",4,-4,"DSC_0310.JPG",0.549738352694055,0.200978860294118,2013-08-08,"ambient"
"R6",0,-8,"DSC_0311.JPG",0.381990705984131,0.5848125,2013-08-08,"ambient"
"R6",0,-4,"DSC_0312.JPG",0.370111841605852,0.647030330882353,2013-08-08,"ambient"
"R6",0,4,"DSC_0313.JPG",0.404291301221449,0.310625919117647,2013-08-08,"ambient"
"R6",0,8,"DSC_0314.JPG",0.44933354117396,0.181755514705882,2013-08-08,"ambient"
"R6",-4,8,"DSC_0315.JPG",0.42768215228934,0.523987132352941,2013-08-08,"ambient"
"R6",-4,4,"DSC_0316.JPG",0.444784585538524,0.380334558823529,2013-08-08,"ambient"
"R6",-4,0,"DSC_0317.JPG",0.459040578433131,0.190964154411765,2013-08-08,"ambient"
"R6",-4,-4,"DSC_0318.JPG",0.437733705690886,0.635181985294118,2013-08-08,"ambient"
"R6",-4,-8,"DSC_0319.JPG",0.341795496537395,0.571445772058824,2013-08-08,"ambient"
"R6",-8,-4,"DSC_0320.JPG",0.370307548605178,0.516519301470588,2013-08-08,"ambient"
"R6",12,0,"DSC_0324.JPG",0.41178461413796,0.538714154411765,2012-10-20,"ambient"
"R6",8,-8,"DSC_0325.JPG",0.410576874397653,0.548737132352941,2012-10-20,"ambient"
"R6",8,-4,"DSC_0326.JPG",0.397325709467412,0.625606617647059,2012-10-20,"ambient"
"R6",8,0,"DSC_0327.JPG",0.365108554840047,0.744771139705882,2012-10-20,"ambient"
"R6",8,4,"DSC_0328.JPG",0.471185849733095,0.278081801470588,2012-10-20,"ambient"
"R6",8,8,"DSC_0329.JPG",0.401282137401964,0.531094669117647,2012-10-20,"ambient"
"R6",4,-8,"DSC_0330.JPG",0.470595364038831,0.259006433823529,2012-10-20,"ambient"
"R6",4,-4,"DSC_0331.JPG",0.401426515841229,0.634951286764706,2012-10-20,"ambient"
"R6",4,0,"DSC_0332.JPG",0.401951384464395,0.600132352941177,2012-10-20,"ambient"
"R6",10.5,0,"DSC_0398.JPG",0.401232520966997,0.624276654411765,2012-11-20,"ambient"
"R6",8,-4,"DSC_0399.JPG",0.394766692490921,0.531455882352941,2012-11-20,"ambient"
"R6",8,0,"DSC_0400.JPG",0.322120308419661,0.630601102941176,2012-11-20,"ambient"
"R6",8,4,"DSC_0401.JPG",0.440780805381767,0.518904411764706,2012-11-20,"ambient"
"R6",10.5,0,"DSC_0229.JPG",0.392772145237245,0.635434742647059,2013-01-21,"ambient"
"R6",8,-4,"DSC_0230.JPG",0.419860684005243,0.501541360294118,2013-01-21,"ambient"
"R6",8,0,"DSC_0231.JPG",0.351166849690758,0.633884191176471,2013-01-21,"ambient"
"R6",10.5,0,"DSC_0951.JPG",0.477323281209044,0.593297794117647,2013-05-22,"ambient"
"R6",8,-4,"DSC_0952.JPG",0.418010881603307,0.506778492647059,2013-05-22,"ambient"
"R6",8,0,"DSC_0953.JPG",0.413600957009577,0.629897058823529,2013-05-22,"ambient"
"R6",8,4,"DSC_0954.JPG",0.475129431676401,0.208355698529412,2013-05-22,"ambient"
"R6",4,8,"DSC_0955.JPG",0.444749802512004,0.431329044117647,2013-05-22,"ambient"
"R6",4,4,"DSC_0956.JPG",0.444823230550184,0.433071691176471,2013-05-22,"ambient"
"R6",4,0,"DSC_0957.JPG",0.441030983722953,0.506568014705882,2013-05-22,"ambient"
"R6",4,-4,"DSC_0958.JPG",0.431896684220411,0.573510110294118,2013-05-22,"ambient"
"R6",4,-8,"DSC_0959.JPG",0.433849367854257,0.528556066176471,2013-05-22,"ambient"
"R6",0,-8,"DSC_0962.JPG",0.434347522040991,0.435524816176471,2013-05-22,"ambient"
"R6",10.5,0,"DSC_0465.JPG",0.476290448464352,0.722989889705882,2013-10-22,"ambient"
"R6",8,-4,"DSC_0466.JPG",0.441308190454186,0.624839154411765,2013-10-22,"ambient"
"R6",8,0,"DSC_0467.JPG",0.365612961120137,0.737193933823529,2013-10-22,"ambient"
"R6",8,4,"DSC_0468.JPG",0.45576716780312,0.210271139705882,2013-10-22,"ambient"
"R6",4,8,"DSC_0469.JPG",0.389908599250545,0.526212316176471,2013-10-22,"ambient"
"R6",4,4,"DSC_0470.JPG",0.428539689990747,0.610697610294118,2013-10-22,"ambient"
"R6",4,0,"DSC_0471.JPG",0.410839928354135,0.631422794117647,2013-10-22,"ambient"
"R6",4,-4,"DSC_0472.JPG",0.46152749288815,0.568546875,2013-10-22,"ambient"
"R6",4,-8,"DSC_0473.JPG",0.521474746111882,0.225751838235294,2013-10-22,"ambient"
"R6",0,-8,"DSC_0474.JPG",0.42941407270959,0.669679227941177,2013-10-22,"ambient"
"R6",0,-4,"DSC_0475.JPG",0.406003226067179,0.671725183823529,2013-10-22,"ambient"
"R6",0,4,"DSC_0476.JPG",0.405265513332297,0.405272977941176,2013-10-22,"ambient"
"R6",0,8,"DSC_0477.JPG",0.443354249533556,0.202452205882353,2013-10-22,"ambient"
"R6",-4,8,"DSC_0478.JPG",0.433436382403941,0.577166360294118,2013-10-22,"ambient"
"R6",-4,4,"DSC_0479.JPG",0.448290227940325,0.446495404411765,2013-10-22,"ambient"
"R6",-4,0,"DSC_0480.JPG",0.413499750910434,0.255357536764706,2013-10-22,"ambient"
"R6",-4,-4,"DSC_0481.JPG",0.404023153977766,0.662988970588235,2013-10-22,"ambient"
"R6",-4,-8,"DSC_0482.JPG",0.410095970252032,0.666456801470588,2013-10-22,"ambient"
"R6",-8,-4,"DSC_0483.JPG",0.3846777281378,0.570213235294118,2013-10-22,"ambient"
"R6",-8,0,"DSC_0484.JPG",0.436287617833648,0.422943014705882,2013-10-22,"ambient"
"R6",-8,4,"DSC_0485.JPG",0.406757667768397,0.422019301470588,2013-10-22,"ambient"
